"TELEPULES_ID","TELEPULES","LAKOS"
"17376","Aba","4674"
"12548","Abaliget","584"
"24554","Abasár","2507"
"15662","Abaújalpár","75"
"26718","Abaújkér","697"
"02820","Abaújlak","137"
"26338","Abaújszolnok","184"
"03595","Abaújszántó","3097"
"02273","Abaújvár","201"
"11882","Abda","3167"
"10357","Abod","229"
"27872","Abony","15072"
"12441","Abádszalók","4034"
"18573","Acsa","1464"
"33385","Acsalag","450"
"07214","Acsád","662"
"08925","Adony","3851"
"31307","Adorjánháza","358"
"06868","Adorjás","187"
"23241","Adács","2718"
"07302","Adásztevel","753"
"09362","Aggtelek","521"
"29407","Agyagosszergény","876"
"08776","Ajak","3584"
"06673","Ajka","29131"
"06682","Aka","266"
"21944","Akasztó","3247"
"33093","Alacska","755"
"26824","Alap","1953"
"25265","Alattyán","2162"
"31653","Albertirsa","12394"
"15176","Alcsútdoboz","1447"
"06345","Aldebrő","666"
"34245","Algyő","5204"
"02644","Alibánfa","465"
"13329","Almamellék","437"
"32346","Almásfüzitő","2250"
"23384","Almásháza","66"
"29595","Almáskamarás","831"
"20376","Almáskeresztúr","91"
"20482","Alsóberecki","735"
"34184","Alsóbogát","259"
"19664","Alsódobsza","316"
"14429","Alsógagy","96"
"17385","Alsómocsolád","337"
"19512","Alsónemesapáti","721"
"11563","Alsónyék","754"
"29665","Alsónána","687"
"23199","Alsónémedi","5186"
"16425","Alsópetény","703"
"32081","Alsópáhok","1315"
"18829","Alsórajk","354"
"23223","Alsóregmec","190"
"08767","Alsószenterzsébet","72"
"25283","Alsószentiván","614"
"33279","Alsószentmárton","1186"
"28839","Alsószuha","467"
"22549","Alsószölnök","373"
"08217","Alsótelekes","145"
"07621","Alsótold","244"
"29814","Alsóvadász","1552"
"21032","Alsózsolca","5977"
"30526","Alsóörs","1401"
"22725","Alsóújlak","572"
"16197","Ambrózfalva","488"
"29975","Anarcs","1934"
"28714","Andocs","1089"
"17987","Andornaktálya","2741"
"12317","Andrásfa","268"
"34227","Annavölgy","933"
"20303","Apagy","2191"
"33561","Apaj","1228"
"26125","Aparhant","1026"
"07241","Apc","2593"
"21148","Apostag","1956"
"28370","Apácatorna","151"
"14252","Apátfalva","2998"
"08873","Apátistvánfalva","356"
"27298","Apátvarasd","127"
"09353","Aranyosapáti","1988"
"06886","Aranyosgadány","326"
"26198","Arka","90"
"14331","Arló","3656"
"03771","Arnót","2583"
"04233","Aszaló","1902"
"16188","Aszód","6395"
"07339","Aszófő","399"
"16090","Atkár","1730"
"32735","Attala","840"
"05403","Babarc","728"
"09663","Babarcszőlős","108"
"21263","Babosdöbréte","511"
"30474","Babócsa","1547"
"15042","Babót","1089"
"22327","Badacsonytomaj","2091"
"03267","Badacsonytördemic","812"
"09131","Bag","3967"
"20011","Bagamér","2513"
"11059","Baglad","44"
"30368","Bagod","1340"
"29212","Baj","2847"
"03522","Baja","37508"
"16744","Bajna","1938"
"17020","Bajánsenye","475"
"29355","Bajót","1558"
"04738","Bak","1673"
"14395","Bakháza","184"
"15167","Bakonszeg","1167"
"08299","Bakonya","383"
"24244","Bakonybánk","430"
"23746","Bakonybél","1208"
"08730","Bakonycsernye","3076"
"28936","Bakonygyirót","154"
"29513","Bakonyjákó","628"
"07287","Bakonykoppány","186"
"23153","Bakonykúti","127"
"25991","Bakonynána","1026"
"30410","Bakonyoszlop","511"
"22062","Bakonypéterd","269"
"06327","Bakonypölöske","374"
"23922","Bakonyszentiván","215"
"22813","Bakonyszentkirály","826"
"05944","Bakonyszentlászló","1728"
"22381","Bakonyszombathely","1413"
"26417","Bakonyszücs","312"
"29902","Bakonyság","49"
"25229","Bakonysárkány","943"
"24129","Bakonytamási","624"
"29106","Baks","2031"
"03975","Baksa","765"
"18184","Baktakék","716"
"02325","Baktalórántháza","4350"
"15097","Baktüttös","328"
"22275","Bakóca","271"
"22521","Balajt","475"
"13657","Balassagyarmat","16396"
"11527","Balaton","1058"
"25308","Balatonakali","621"
"05838","Balatonalmádi","9062"
"27377","Balatonberény","1150"
"33853","Balatonboglár","5934"
"03072","Balatoncsicsó","213"
"12238","Balatonederics","1043"
"19460","Balatonendréd","1356"
"20729","Balatonfenyves","1851"
"29461","Balatonfőkajár","1320"
"07117","Balatonföldvár","2041"
"02219","Balatonfűzfő","4302"
"21175","Balatonfüred","13584"
"17002","Balatongyörök","1085"
"03638","Balatonhenye","104"
"05148","Balatonkenese","3224"
"07375","Balatonkeresztúr","1432"
"33862","Balatonlelle","4824"
"26462","Balatonmagyaród","470"
"14562","Balatonmáriafürdő","648"
"33844","Balatonrendes","112"
"16601","Balatonszabadi","2983"
"22822","Balatonszemes","1793"
"21324","Balatonszentgyörgy","1566"
"17154","Balatonszepezd","406"
"24907","Balatonszárszó","1895"
"28501","Balatonszőlős","637"
"15565","Balatonudvari","300"
"03559","Balatonvilágos","1173"
"11916","Balatonőszöd","519"
"16470","Balatonújlak","520"
"31103","Balinka","948"
"26958","Balkány","6298"
"13408","Ballószög","3399"
"02918","Balmazújváros","17383"
"05102","Balogunyom","1212"
"25937","Balotaszállás","1493"
"15963","Balsa","841"
"23676","Balástya","3417"
"31422","Bana","1606"
"26480","Barabás","745"
"07047","Baracs","3527"
"08581","Baracska","2741"
"20464","Baranyahídvég","198"
"24749","Baranyajenő","493"
"05485","Baranyaszentgyörgy","118"
"06196","Barbacs","724"
"32799","Barcs","11532"
"27447","Barlahida","131"
"15778","Barnag","112"
"15495","Basal","199"
"08846","Baskó","182"
"18102","Battonya","5609"
"24864","Batyk","387"
"32337","Baté","834"
"07427","Bazsi","385"
"23144","Becsehely","2082"
"12016","Becske","534"
"27049","Becskeháza","40"
"18360","Becsvölgye","803"
"20710","Bedegkér","470"
"33446","Bedő","246"
"10384","Bejcgyertyános","457"
"06929","Bekecs","2410"
"04400","Bekölce","647"
"28662","Belecska","427"
"10588","Beled","2592"
"17127","Beleg","594"
"09168","Belezna","797"
"08466","Beloiannisz","1126"
"20950","Belsősárd","100"
"19008","Belvárdgyula","416"
"25441","Benk","448"
"02389","Bercel","2073"
"28246","Beregdaróc","731"
"20677","Beregsurány","650"
"18467","Berekböszörmény","1692"
"34005","Berekfürdő","973"
"31927","Beremend","2573"
"34290","Berente","1119"
"29674","Beret","274"
"12788","Berettyóújfalu","15317"
"33127","Berhida","5955"
"09034","Berkenye","623"
"16461","Berkesd","853"
"07472","Berkesz","876"
"18777","Bernecebaráti","846"
"30119","Berzence","2508"
"26356","Berzék","1098"
"30049","Besence","123"
"11305","Besenyszög","3411"
"13639","Besenyőd","651"
"27517","Besenyőtelek","2611"
"16346","Besnyő","1801"
"21227","Beszterec","1026"
"14119","Bezedek","237"
"29805","Bezenye","1426"
"12830","Bezeréd","157"
"10560","Bezi","500"
"08891","Biatorbágy","12567"
"10481","Bicske","11659"
"13310","Bicsérd","1023"
"25256","Bihardancsháza","185"
"19956","Biharkeresztes","3851"
"24828","Biharnagybajom","2725"
"29887","Bihartorda","890"
"29610","Biharugra","846"
"04899","Bikal","745"
"11970","Bikács","433"
"02945","Biri","1298"
"05139","Birján","511"
"24925","Bisse","240"
"29203","Boba","800"
"17543","Bocfölde","1136"
"22354","Boconád","1301"
"31291","Bocska","371"
"34102","Bocskaikert","2949"
"20899","Boda","432"
"18254","Bodajk","4081"
"11624","Bodmér","225"
"33002","Bodolyabér","225"
"06220","Bodonhely","280"
"14933","Bodony","724"
"04321","Bodorfa","105"
"10506","Bodrog","432"
"23737","Bodroghalom","1297"
"30784","Bodrogkeresztúr","1122"
"33808","Bodrogkisfalud","862"
"14401","Bodrogolaszi","920"
"10694","Bogdása","287"
"03425","Bogyiszló","2211"
"04367","Bogyoszló","605"
"25195","Bogács","2007"
"32151","Bogád","1080"
"21892","Bogádmindszent","410"
"14137","Bojt","482"
"07311","Bokod","2133"
"03841","Bokor","108"
"03452","Boldog","2996"
"13116","Boldogasszonyfa","425"
"14474","Boldogkőváralja","1154"
"18944","Boldogkőújfalu","546"
"08396","Boldva","2312"
"13994","Bolhás","420"
"18120","Bolhó","713"
"10782","Boncodfölde","358"
"22673","Bonnya","260"
"06497","Bonyhád","13829"
"14818","Bonyhádvarasd","407"
"08192","Bordány","3277"
"03090","Borgáta","155"
"06725","Borjád","402"
"19327","Borota","1303"
"10056","Borsfa","730"
"30669","Borsodbóta","866"
"16124","Borsodgeszt","256"
"06707","Borsodivánka","737"
"05315","Borsodnádasd","3037"
"30207","Borsodszentgyörgy","1122"
"16799","Borsodszirák","1185"
"09894","Borsosberény","1006"
"04765","Borszörcsök","362"
"30252","Borzavár","705"
"14368","Bosta","150"
"22239","Botpalád","582"
"13365","Botykapeterd","335"
"05023","Bozsok","326"
"06390","Bozzai","324"
"13471","Bucsa","2093"
"32984","Bucsu","593"
"07986","Bucsuta","226"
"03407","Budajenő","1830"
"23463","Budakalász","10452"
"12052","Budakeszi","14311"
"09566","Budapest I. kerület","24628"
"03179","Budapest II. kerület","88086"
"18069","Budapest III. kerület","123552"
"05467","Budapest IV. kerület","98800"
"29586","Budapest IX. kerület","63268"
"13392","Budapest V. kerület","27146"
"16586","Budapest VI. kerület","42979"
"29744","Budapest VII. kerület","64451"
"25405","Budapest VIII. kerület","84300"
"10700","Budapest X. kerület","80845"
"14216","Budapest XI. kerület","144992"
"24697","Budapest XII. kerület","55922"
"24299","Budapest XIII. kerület","117055"
"16337","Budapest XIV. kerület","123128"
"04011","Budapest XIX. kerület","62031"
"11314","Budapest XV. kerület","79944"
"08208","Budapest XVI. kerület","68393"
"02112","Budapest XVII. kerület","78599"
"29285","Budapest XVIII. kerület","94041"
"06026","Budapest XX. kerület","63707"
"13189","Budapest XXI. kerület","76816"
"10214","Budapest XXII. kerület","50998"
"34139","Budapest XXIII. kerület","20004"
"23278","Budaörs","29428"
"32823","Bugac","2848"
"33631","Bugacpusztaháza","302"
"32027","Bugyi","5380"
"19707","Buj","2237"
"14234","Buják","2129"
"17358","Buzsák","1402"
"19363","Bábolna","3630"
"28316","Bábonymegyer","815"
"10719","Bácsalmás","6851"
"10180","Bácsbokod","2694"
"27234","Bácsborsód","1203"
"08697","Bácsszentgyörgy","162"
"30155","Bácsszőlős","367"
"28769","Bágyogszovát","1280"
"24457","Bálványos","516"
"14173","Bánd","668"
"07603","Bánfa","189"
"25159","Bánhorváti","1359"
"24341","Bánk","671"
"08439","Bánokszentgyörgy","651"
"21953","Bánréve","1302"
"24378","Bár","537"
"03735","Bárdudvarnok","1218"
"20048","Bárna","1079"
"08624","Bársonyos","740"
"26693","Báránd","2543"
"11712","Báta","1709"
"28909","Bátaapáti","401"
"08864","Bátaszék","6466"
"03656","Bátmonostor","1495"
"33534","Bátonyterenye","12826"
"24022","Bátor","407"
"02990","Bátorliget","668"
"11961","Bátya","2051"
"18698","Bázakerettye","820"
"22901","Béb","264"
"27058","Békás","215"
"09760","Békés","19981"
"15200","Békéscsaba","64074"
"02680","Békésszentandrás","3790"
"26189","Békéssámson","2341"
"33260","Bélapátfalva","3027"
"06910","Bélavár","341"
"19390","Bélmegyer","997"
"25098","Bénye","1249"
"32911","Bér","373"
"32124","Bérbaltavár","478"
"08305","Bócsa","1803"
"27429","Bódvalenke","172"
"33303","Bódvarákó","108"
"05926","Bódvaszilas","1041"
"19929","Bókaháza","314"
"33154","Bóly","3984"
"31006","Bózsva","183"
"05476","Bő","632"
"05306","Bőcs","2799"
"33950","Bőny","2187"
"26277","Bőszénfa","575"
"15501","Bősárkány","2125"
"22877","Böde","292"
"04163","Bödeháza","65"
"11651","Bögöt","380"
"07296","Bögöte","294"
"26532","Böhönye","2350"
"11299","Bököny","3225"
"06558","Bölcske","2828"
"06619","Börcs","1296"
"21139","Börzönce","50"
"20613","Búcsúszentlászló","825"
"02431","Bük","3442"
"27890","Bükkaranyos","1465"
"19406","Bükkmogyorósd","136"
"10621","Bükkszenterzsébet","1040"
"08022","Bükkszentkereszt","1188"
"22099","Bükkszentmárton","318"
"02963","Bükkszék","713"
"32887","Bükkzsérc","983"
"13596","Bükkábrány","1558"
"23162","Bükkösd","1117"
"07533","Bürüs","93"
"08703","Büssü","331"
"23977","Büttös","174"
"27085","Cakóháza","48"
"13152","Cece","2547"
"11341","Cegléd","38066"
"20640","Ceglédbercel","4424"
"27094","Celldömölk","10823"
"03665","Cered","1100"
"09876","Chernelházadamonya","197"
"22938","Cibakháza","4435"
"03939","Cigánd","2681"
"19284","Cikó","838"
"15954","Cirák","563"
"31334","Csabacsűd","1818"
"34078","Csabaszabadi","348"
"30544","Csabdi","1195"
"30924","Csabrendek","2973"
"12928","Csaholc","512"
"16072","Csajág","815"
"22293","Csanytelek","2817"
"02121","Csanádalberti","441"
"20455","Csanádapáca","2656"
"05379","Csanádpalota","2969"
"06132","Csapi","176"
"08563","Csapod","510"
"30614","Csarnóta","140"
"29416","Csaroda","579"
"34175","Csataszög","306"
"33109","Csatka","242"
"23436","Csatár","568"
"21591","Csebény","100"
"26107","Csegöld","609"
"20251","Csehbánya","266"
"19488","Csehi","259"
"12724","Csehimindszent","334"
"23816","Csempeszkopács","306"
"05184","Csemő","4253"
"32285","Csengele","1958"
"30641","Csenger","4753"
"24095","Csengersima","672"
"26851","Csengerújfalu","779"
"12344","Csengőd","2077"
"08493","Csenyéte","451"
"12140","Csepreg","3470"
"26082","Cserdi","390"
"21935","Cserháthaláp","355"
"22594","Cserhátsurány","838"
"32319","Cserhátszentiván","143"
"05795","Cserkeszőlő","2066"
"03896","Cserkút","552"
"28459","Csernely","827"
"07135","Cserszegtomaj","2765"
"10649","Csertalakos","26"
"13851","Csertő","397"
"25681","Cserénfa","199"
"06974","Cserépfalu","1018"
"25575","Cserépváralja","433"
"24642","Csesznek","519"
"02583","Csesztreg","783"
"20145","Csesztve","303"
"31699","Csetény","1897"
"11998","Csibrák","324"
"13505","Csikvánd","460"
"15699","Csikéria","922"
"30094","Csikóstőttős","890"
"34111","Csincse","552"
"26064","Csipkerek","327"
"05050","Csitár","385"
"20774","Csobaj","721"
"05333","Csobád","680"
"06822","Csobánka","3175"
"05971","Csokonyavisonta","1614"
"14289","Csokvaomány","849"
"18926","Csolnok","3288"
"08040","Csoma","437"
"02477","Csombárd","288"
"33118","Csomád","1546"
"05111","Csongrád","17147"
"31149","Csonkahegyhát","367"
"22576","Csonkamindszent","182"
"02185","Csopak","1617"
"04039","Csorna","10585"
"26709","Csorvás","5085"
"21315","Csurgó","5248"
"10603","Csurgónagymarton","174"
"10047","Csáfordjánosfa","205"
"05360","Csákberény","1201"
"20002","Csákvár","5212"
"03799","Csákány","287"
"03911","Csákánydoroszló","1745"
"26772","Csánig","377"
"16841","Csány","2230"
"19901","Csányoszró","666"
"25502","Csárdaszállás","463"
"09715","Császló","374"
"16416","Császár","1745"
"10472","Császártöltés","2354"
"26471","Csátalja","1501"
"16373","Csávoly","1842"
"30270","Csécse","896"
"33640","Csém","471"
"09070","Csénye","728"
"18272","Csép","352"
"13170","Csépa","1579"
"30191","Csér","30"
"18476","Csévharaszt","1936"
"21908","Csókakő","1296"
"12025","Csólyospálos","1660"
"09779","Csór","1832"
"32878","Csót","997"
"06734","Csősz","1032"
"26985","Csővár","662"
"27492","Csöde","79"
"32814","Csögle","625"
"12450","Csökmő","1792"
"24314","Csököly","1160"
"27270","Csömend","292"
"29364","Csömödér","579"
"22804","Csömör","9192"
"22390","Csönge","382"
"33978","Csörnyeföld","443"
"34333","Csörög","2267"
"04224","Csörötnek","828"
"08271","Cák","294"
"09681","Cégénydányád","693"
"11086","Cún","232"
"09247","Dabas","16716"
"17172","Dabronc","419"
"28237","Dabrony","368"
"33163","Dad","1011"
"29230","Dalmand","1280"
"11350","Damak","239"
"15990","Daraboshegy","95"
"18795","Darnó","160"
"21865","Darnózseli","1582"
"34342","Daruszentmiklós","1624"
"14678","Darvas","531"
"31352","Darány","900"
"07320","Debercsény","80"
"15130","Debrecen","208016"
"31954","Debréte","18"
"24989","Decs","4100"
"12511","Dejtár","1425"
"17756","Demecser","4304"
"08660","Demjén","584"
"07773","Dencsháza","590"
"05573","Derecske","8964"
"07834","Derekegyház","1615"
"24077","Deszk","3665"
"10524","Detek","279"
"09201","Detk","1179"
"32276","Devecser","4551"
"11952","Dinnyeberki","87"
"11688","Diósberény","341"
"24013","Diósd","9213"
"06743","Diósjenő","2856"
"28778","Dióskál","471"
"32373","Diósviszló","721"
"10870","Doba","506"
"33190","Doboz","4168"
"25885","Dobri","163"
"32708","Dobronhegy","135"
"25690","Domaháza","827"
"13383","Domaszék","4927"
"24031","Dombegyház","1980"
"22132","Dombiratos","521"
"14508","Dombrád","3912"
"07685","Dombóvár","19703"
"04808","Domony","2164"
"07515","Domoszló","2019"
"30261","Dormánd","1048"
"10490","Dorog","12112"
"24439","Dorogháza","1098"
"16151","Dozmat","231"
"07524","Drágszél","328"
"28617","Drávacsehi","220"
"28121","Drávacsepely","201"
"17419","Drávafok","477"
"13611","Drávagárdony","140"
"32391","Drávaiványi","200"
"09159","Drávakeresztúr","116"
"22734","Drávapalkonya","251"
"12380","Drávapiski","122"
"28608","Drávaszabolcs","670"
"30030","Drávaszerdahely","187"
"21698","Drávasztára","393"
"15884","Drávatamási","394"
"08156","Drégelypalánk","1504"
"27669","Dubicsány","293"
"02936","Dudar","1578"
"02927","Duka","224"
"33835","Dunaalmás","1610"
"25362","Dunabogdány","3199"
"21069","Dunaegyháza","1497"
"12566","Dunafalva","827"
"31501","Dunaföldvár","8776"
"09584","Dunaharaszti","20172"
"18616","Dunakeszi","39446"
"27739","Dunakiliti","1861"
"07861","Dunapataj","3211"
"02079","Dunaremete","241"
"21078","Dunaszeg","1985"
"09186","Dunaszekcső","1937"
"11606","Dunaszentbenedek","813"
"09539","Dunaszentgyörgy","2534"
"24101","Dunaszentmiklós","447"
"15875","Dunaszentpál","739"
"10454","Dunasziget","1426"
"14766","Dunatetétlen","543"
"20534","Dunavarsány","7363"
"07612","Dunavecse","3970"
"03115","Dunaújváros","48104"
"04109","Dusnok","2912"
"22910","Dág","933"
"20154","Dáka","653"
"07719","Dámóc","398"
"31811","Dánszentmiklós","2941"
"18397","Dány","4498"
"10533","Dávod","1976"
"04686","Dédestapolcsány","1436"
"32753","Dég","2066"
"09973","Délegyháza","3406"
"32595","Dénesfa","368"
"24819","Dévaványa","7707"
"30535","Dóc","762"
"07782","Döbröce","71"
"02565","Döbrököz","1938"
"29470","Döbrönte","261"
"20695","Döbörhegy","158"
"03647","Döge","2106"
"29647","Dömsöd","5732"
"06594","Dömös","1159"
"21917","Dör","689"
"06363","Dörgicse","255"
"03036","Döröske","78"
"16009","Dötk","26"
"06123","Dövény","289"
"19202","Dúzs","259"
"26347","Ebergőc","153"
"14614","Ebes","4392"
"04251","Ecseg","1215"
"09432","Ecsegfalva","1159"
"10861","Ecseny","217"
"24518","Ecser","3649"
"17181","Ecséd","3254"
"03489","Edde","195"
"10728","Edelény","10101"
"22442","Edve","104"
"20491","Eger","56530"
"33871","Egeralja","237"
"24262","Egeraracsa","300"
"12821","Egerbakta","1449"
"26019","Egerbocs","555"
"16610","Egercsehi","1390"
"02981","Egerfarmos","714"
"05865","Egerlövő","565"
"24758","Egerszalók","1884"
"13648","Egerszólát","1061"
"33428","Egervár","1008"
"28796","Egervölgy","343"
"28918","Egerág","994"
"20288","Egyed","522"
"15741","Egyek","4952"
"17659","Egyházasdengeleg","470"
"15237","Egyházasfalu","844"
"05980","Egyházasgerge","727"
"16498","Egyházasharaszti","316"
"10232","Egyházashetye","324"
"30429","Egyházashollós","545"
"10445","Egyházaskesző","486"
"27401","Egyházaskozár","797"
"25946","Egyházasrádóc","1279"
"32957","Elek","4899"
"06099","Ellend","221"
"20358","Előszállás","2157"
"04677","Emőd","4983"
"33048","Encs","6197"
"32328","Encsencs","1953"
"25496","Endrefalva","1313"
"28273","Endrőc","369"
"15033","Enese","1795"
"02802","Enying","6847"
"22992","Eperjes","507"
"18528","Eperjeske","1141"
"33941","Eplény","521"
"29638","Epöl","589"
"23603","Ercsi","8115"
"25326","Erdőbénye","1037"
"22503","Erdőhorváti","561"
"13480","Erdőkertes","7650"
"28556","Erdőkövesd","633"
"22655","Erdőkürt","555"
"18704","Erdősmecske","389"
"25821","Erdősmárok","87"
"21795","Erdőtarcsa","508"
"24235","Erdőtelek","3156"
"20118","Erk","891"
"13499","Erzsébet","312"
"06178","Eszteregnye","694"
"25131","Esztergom","30858"
"15769","Esztergályhorváti","437"
"25469","Esztár","1345"
"06664","Ete","562"
"15370","Etes","1428"
"02316","Etyek","4367"
"18980","Fadd","4403"
"03230","Fajsz","1667"
"12557","Fancsal","301"
"10250","Farkasgyepű","406"
"34272","Farkaslyuk","1739"
"09122","Farmos","3654"
"33996","Farád","1934"
"17835","Fazekasboda","201"
"12432","Fedémes","312"
"16647","Fegyvernek","6448"
"18971","Fehérgyarmat","7873"
"06956","Fehértó","456"
"32203","Fehérvárcsurgó","1926"
"04543","Feked","162"
"32717","Feketeerdő","557"
"29939","Felcsút","1788"
"20747","Feldebrő","1035"
"22646","Felgyő","1312"
"33251","Felpéc","854"
"08174","Felsőberecki","279"
"13587","Felsőcsatár","479"
"09742","Felsődobsza","891"
"13286","Felsőegerszeg","136"
"29708","Felsőgagy","173"
"08013","Felsőjánosfa","178"
"31723","Felsőkelecsény","371"
"33598","Felsőlajos","1031"
"29841","Felsőmarác","258"
"13985","Felsőmocsolád","428"
"32762","Felsőnyárád","1017"
"17914","Felsőnyék","1039"
"15820","Felsőnána","604"
"06035","Felsőpakony","3403"
"24323","Felsőpetény","684"
"11642","Felsőpáhok","636"
"21476","Felsőrajk","738"
"07588","Felsőregmec","324"
"30890","Felsőszenterzsébet","13"
"02954","Felsőszentiván","1950"
"08819","Felsőszentmárton","904"
"23287","Felsőszölnök","550"
"31671","Felsőtelekes","697"
"33312","Felsőtold","145"
"16328","Felsőtárkány","3396"
"23533","Felsővadász","534"
"02848","Felsőzsolca","6869"
"24369","Felsőörs","1565"
"30678","Fenyőfő","114"
"18999","Ferencszállás","608"
"11253","Fertőboz","255"
"09885","Fertőd","3417"
"09487","Fertőendréd","596"
"10658","Fertőhomok","626"
"12414","Fertőrákos","2146"
"15343","Fertőszentmiklós","3850"
"31440","Fertőszéplak","1272"
"31644","Fiad","156"
"25238","Filkeháza","101"
"19187","Fityeház","654"
"02149","Foktő","1620"
"34014","Folyás","342"
"17932","Fony","361"
"14632","Fonyód","4777"
"22026","Fonó","292"
"33020","Forráskút","2356"
"30483","Forró","2466"
"22123","Fulókércs","400"
"16993","Furta","1125"
"23250","Fábiánháza","1648"
"19974","Fábiánsebestyén","2039"
"24192","Fácánkert","630"
"02741","Fáj","364"
"22415","Fényeslitke","2366"
"32610","Fót","18864"
"22707","Főnyed","71"
"03258","Földes","4045"
"09210","Földeák","3061"
"16531","Fűzvölgy","140"
"06114","Füle","845"
"10791","Fülesd","451"
"14377","Fülpösdaróc","324"
"22150","Fülöp","1752"
"31468","Fülöpháza","825"
"33622","Fülöpjakab","1143"
"14058","Fülöpszállás","2285"
"17950","Fürged","686"
"03276","Füzesabony","7813"
"12256","Füzesgyarmat","5716"
"17109","Füzér","447"
"06460","Füzérkajata","109"
"11378","Füzérkomlós","320"
"10366","Füzérradvány","335"
"13727","Gacsály","885"
"05494","Gadna","270"
"28264","Gadács","81"
"26222","Gadány","385"
"28732","Gagyapáti","13"
"28307","Gagybátor","223"
"03744","Gagyvendégi","201"
"12991","Galambok","1288"
"25663","Galgaguta","620"
"13295","Galgagyörk","1053"
"19503","Galgahévíz","2520"
"27128","Galgamácsa","1959"
"19293","Galvács","92"
"06451","Gamás","735"
"12742","Ganna","238"
"31848","Gara","2476"
"12946","Garabonc","737"
"10904","Garadna","441"
"04996","Garbolc","150"
"18494","Garáb","62"
"07560","Garé","315"
"30906","Gasztony","436"
"09292","Gecse","408"
"23719","Gelej","602"
"08068","Gellénháza","1579"
"12089","Gelse","1053"
"09089","Gelsesziget","268"
"04613","Gelénes","503"
"13000","Gemzse","853"
"24183","Gencsapáti","2867"
"12751","Gerde","521"
"07393","Gerendás","1335"
"02857","Geresdlak","768"
"05731","Gerjen","1205"
"30942","Gersekarát","643"
"13347","Gerényes","241"
"17394","Geszt","746"
"15608","Gesztely","2792"
"28893","Geszteréd","1631"
"20969","Gibárt","380"
"16717","Gic","438"
"09177","Gige","352"
"18333","Gilvánfa","371"
"21564","Girincs","896"
"13134","Golop","555"
"09441","Gomba","2962"
"17613","Gombosszeg","51"
"33084","Gordisa","310"
"13569","Gosztola","36"
"26727","Grábóc","174"
"29443","Gulács","782"
"02097","Gutorfölde","1036"
"17969","Gyalóka","67"
"27030","Gyanógeregye","154"
"26860","Gyarmat","1189"
"23302","Gyenesdiás","3681"
"28671","Gyepükaján","337"
"06521","Gyermely","1443"
"33455","Gyomaendrőd","13894"
"23904","Gyugy","269"
"05032","Gyula","31928"
"07676","Gyulaháza","1900"
"30359","Gyulaj","971"
"09520","Gyulakeszi","709"
"25627","Gyál","23431"
"30960","Gyékényes","949"
"18315","Gyód","671"
"23843","Gyóró","401"
"25584","Győr","131267"
"08721","Győrasszonyfa","498"
"13198","Győrladamér","1576"
"15653","Győrszemere","3178"
"31316","Győrság","1497"
"19309","Győrsövényház","754"
"10126","Győrtelek","1591"
"09724","Győrvár","630"
"15228","Győrzámoly","2522"
"28945","Győröcske","120"
"07481","Győrújbarát","6169"
"31787","Győrújfalu","1494"
"29735","Gyömrő","16442"
"20400","Gyömöre","1245"
"28404","Gyöngyfa","154"
"05236","Gyöngyös","32640"
"11943","Gyöngyösfalu","1116"
"17534","Gyöngyöshalász","2550"
"22664","Gyöngyösmellék","285"
"13338","Gyöngyösoroszi","1506"
"08323","Gyöngyöspata","2520"
"19123","Gyöngyössolymos","3011"
"28088","Gyöngyöstarján","2485"
"30289","Gyönk","2009"
"25539","Györe","677"
"05069","Györgytarló","585"
"12326","Györköny","938"
"15918","Gyúró","1250"
"12539","Gyűrűs","85"
"19558","Gyügye","233"
"33774","Gyüre","1207"
"18175","Gáborján","860"
"17516","Gáborjánháza","74"
"09511","Gádoros","3630"
"06585","Gálosfa","295"
"15750","Gánt","854"
"10296","Gárdony","9742"
"26383","Gátér","953"
"05801","Gávavencsellő","3450"
"03629","Géberjén","522"
"03577","Géderlak","988"
"05670","Gégény","1920"
"26152","Gérce","1094"
"20039","Gétye","119"
"18193","Gógánfa","761"
"11156","Gór","305"
"29771","Gősfa","330"
"23649","Göd","18379"
"33233","Gödre","859"
"32559","Gödöllő","34396"
"30571","Gölle","940"
"09706","Gömörszőlős","74"
"15936","Gönc","1948"
"18643","Göncruszka","627"
"02060","Gönyű","3099"
"16568","Görbeháza","2430"
"30438","Görcsöny","1668"
"09636","Görcsönydoboka","403"
"14599","Görgeteg","1167"
"10931","Hagyárosbörönd","305"
"10269","Hahót","1071"
"26170","Hajdúbagos","1986"
"03045","Hajdúböszörmény","31620"
"12803","Hajdúdorog","8977"
"10393","Hajdúhadház","12409"
"22406","Hajdúnánás","17112"
"05175","Hajdúszoboszló","23265"
"17473","Hajdúszovát","3058"
"31097","Hajdúsámson","13122"
"25830","Hajmás","251"
"15361","Hajmáskér","3104"
"18759","Hajós","3160"
"29452","Halastó","97"
"07898","Halimba","1084"
"27942","Halmaj","1891"
"11411","Halmajugra","1250"
"10676","Halogy","241"
"26790","Halászi","2939"
"09690","Halásztelek","9080"
"25104","Hangony","1482"
"11226","Hangács","577"
"23427","Hantos","909"
"05713","Harasztifalu","145"
"14164","Harc","901"
"07649","Harka","1801"
"08350","Harkakötöny","940"
"21528","Harkány","4052"
"05847","Harsány","2019"
"18458","Harta","3300"
"22309","Hatvan","20332"
"16726","Hedrehely","415"
"02422","Hegyesd","151"
"17905","Hegyeshalom","3489"
"32188","Hegyfalu","773"
"14997","Hegyháthodász","159"
"30951","Hegyhátmaróc","135"
"18032","Hegyhátszentjakab","269"
"21838","Hegyhátszentmárton","58"
"08226","Hegyhátszentpéter","127"
"30216","Hegyhátsál","139"
"18403","Hegykő","1385"
"25803","Hegymagas","260"
"02468","Hegymeg","96"
"21023","Hegyszentmárton","414"
"22187","Hejce","267"
"06655","Hejőbába","1950"
"04604","Hejőkeresztúr","984"
"02282","Hejőkürt","322"
"16780","Hejőpapi","1143"
"12159","Hejőszalonta","861"
"17190","Helesfa","517"
"04093","Helvécia","4471"
"29391","Hencida","1260"
"09946","Hencse","342"
"33552","Herceghalom","2043"
"30137","Hercegkút","631"
"12937","Hercegszántó","1906"
"05324","Herencsény","624"
"23658","Herend","3360"
"24846","Heresznye","273"
"12061","Hermánszeg","247"
"19895","Hernyék","120"
"09849","Hernád","4074"
"15839","Hernádbűd","138"
"09399","Hernádcéce","192"
"24165","Hernádkak","1671"
"21829","Hernádkércs","260"
"31200","Hernádnémeti","3453"
"24882","Hernádpetri","254"
"17136","Hernádszentandrás","465"
"24970","Hernádszurdok","189"
"19840","Hernádvécse","1001"
"20242","Heréd","2034"
"05616","Hetefejércse","299"
"09928","Hetes","1153"
"07126","Hetvehely","420"
"15088","Hetyefő","92"
"14526","Heves","10533"
"10241","Hevesaranyos","608"
"04084","Hevesvezekény","605"
"06798","Hidas","2024"
"11697","Hidasnémeti","1086"
"20756","Hidegkút","442"
"23375","Hidegség","369"
"25672","Hidvégardó","545"
"27933","Himesháza","1065"
"04020","Himod","599"
"03285","Hirics","231"
"33932","Hobol","966"
"13019","Hodász","3303"
"06211","Hollád","226"
"31167","Hollóháza","854"
"33242","Hollókő","360"
"27818","Homokbödöge","671"
"24873","Homokkomárom","208"
"27845","Homokmégy","1312"
"19150","Homokszentgyörgy","1093"
"29966","Homorúd","598"
"21236","Homrogd","958"
"13204","Hont","515"
"13718","Horpács","179"
"04145","Hort","3692"
"04118","Hortobágy","1495"
"23074","Horváthertelend","78"
"12733","Horvátlövő","215"
"16887","Horvátzsidány","775"
"30836","Hosszúhetény","3387"
"20880","Hosszúpereszteg","628"
"06266","Hosszúpályi","5848"
"30775","Hosszúvíz","44"
"11208","Hosszúvölgy","160"
"07250","Hosztót","63"
"28325","Hottó","361"
"16878","Hugyag","871"
"33297","Hunya","656"
"34050","Hunyadfalva","176"
"31431","Husztót","48"
"18634","Hács","388"
"08837","Háromfa","757"
"12706","Háromhuta","132"
"25566","Hárskút","652"
"27881","Hásságy","251"
"12308","Hédervár","1177"
"03993","Héhalom","953"
"11891","Héreg","1022"
"08004","Hét","494"
"03814","Hévíz","4335"
"13949","Hévízgyörk","3113"
"08314","Hódmezővásárhely","47019"
"26055","Hőgyész","2895"
"10029","Hövej","307"
"33066","Ibafa","235"
"03188","Iborfia","11"
"25636","Ibrány","6886"
"11192","Igal","1282"
"17738","Igar","980"
"25399","Igrici","1239"
"19619","Iharos","453"
"27784","Iharosberény","1201"
"11387","Ikervár","1830"
"03300","Iklad","2104"
"29504","Iklanberény","39"
"13921","Iklódbördőce","305"
"20604","Ikrény","1800"
"26833","Iliny","167"
"09654","Ilk","1215"
"31936","Illocska","229"
"16577","Imola","93"
"08095","Imrehegy","701"
"26301","Inke","1259"
"08086","Ináncs","1268"
"32106","Inárcs","4448"
"29948","Ipacsfa","203"
"28097","Ipolydamásd","361"
"01508","Ipolyszög","647"
"03328","Ipolytarnóc","468"
"04978","Ipolytölgyes","464"
"29319","Ipolyvece","821"
"04701","Iregszemcse","2591"
"05005","Irota","69"
"07807","Isaszeg","11386"
"07977","Ispánk","95"
"10074","Istenmezeje","1528"
"21333","Istvándi","580"
"32018","Iszkaszentgyörgy","2025"
"28015","Iszkáz","315"
"02200","Isztimér","981"
"13879","Ivád","367"
"31635","Iván","1274"
"03337","Ivánbattyán","124"
"31680","Ivánc","705"
"13462","Iváncsa","2895"
"03346","Ivándárda","243"
"27711","Izmény","519"
"21999","Izsák","5930"
"05591","Izsófalva","1732"
"17923","Jakabszállás","2636"
"15972","Jenő","1328"
"06646","Jobaháza","539"
"08712","Jobbágyi","2239"
"17279","Juta","1240"
"09326","Jágónak","239"
"13958","Ják","2584"
"06406","Jákfa","529"
"20233","Jákfalva","519"
"15927","Jákó","603"
"17075","Jánd","769"
"07843","Jánkmajtis","1670"
"09469","Jánoshalma","9032"
"22859","Jánoshida","2470"
"11679","Jánosháza","2409"
"29221","Jánossomorja","5872"
"26657","Járdánháza","1790"
"17589","Jármi","1257"
"17437","Jásd","761"
"30711","Jászalsószentgyörgy","3471"
"22202","Jászapáti","9048"
"18209","Jászberény","26965"
"15811","Jászboldogháza","1620"
"17978","Jászdózsa","2130"
"23579","Jászfelsőszentgyörgy","1964"
"23339","Jászfényszaru","5667"
"24086","Jászivány","388"
"25186","Jászjákóhalma","3067"
"11004","Jászkarajenő","2710"
"22798","Jászkisér","5260"
"21111","Jászladány","5766"
"13514","Jászszentandrás","2408"
"08378","Jászszentlászló","2489"
"23135","Jásztelek","1598"
"22929","Jászágó","691"
"22105","Jászárokszállás","7913"
"13143","Jéke","709"
"15680","Jósvafő","240"
"02307","Kaba","5922"
"22965","Kacorlak","217"
"04297","Kacsóta","274"
"26453","Kadarkút","2589"
"14100","Kajdacs","1231"
"12113","Kajárpéc","1243"
"21342","Kajászó","1054"
"02033","Kakasd","1611"
"32230","Kakucs","2738"
"23791","Kalaznó","167"
"05537","Kallósd","77"
"06442","Kalocsa","17165"
"19141","Kamond","405"
"04279","Kamut","1019"
"14553","Kapolcs","407"
"33394","Kapoly","667"
"09098","Kaposfő","1677"
"28811","Kaposgyarmat","99"
"25867","Kaposhomok","503"
"12663","Kaposkeresztúr","332"
"18227","Kaposmérő","2412"
"23296","Kapospula","903"
"18962","Kaposszekcső","1555"
"06424","Kaposszerdahely","972"
"20473","Kaposvár","67979"
"15732","Kaposújlak","715"
"28334","Kapuvár","10364"
"10913","Karakó","184"
"08749","Karakószörcsök","303"
"18625","Karancsalja","1551"
"25548","Karancsberény","918"
"08855","Karancskeszi","1849"
"21041","Karancslapujtő","2607"
"26897","Karancsság","1190"
"04923","Karcag","20298"
"21218","Karcsa","1730"
"24794","Kardos","616"
"12177","Kardoskút","891"
"18041","Karmacs","769"
"30508","Karos","504"
"30696","Kartal","5892"
"05935","Karácsond","3091"
"05263","Karád","1508"
"30605","Kaskantyú","927"
"08411","Kastélyosdombó","204"
"22752","Kaszaper","1944"
"34193","Kaszó","111"
"26620","Katafa","374"
"11280","Katymár","2099"
"06965","Katádfa","179"
"06691","Kazincbarcika","28909"
"26888","Kazsok","312"
"28389","Kazár","1965"
"19789","Kecel","8781"
"26684","Kecskemét","113275"
"04525","Kecskéd","1954"
"32902","Kehidakustány","1044"
"27571","Kelebia","2646"
"12034","Kelemér","527"
"17446","Kelevíz","323"
"32036","Keléd","69"
"19992","Kemecse","4720"
"22345","Kemence","998"
"25353","Kemendollár","515"
"19734","Kemeneshőgyész","503"
"16911","Kemeneskápolna","83"
"12247","Kemenesmagasi","827"
"13426","Kemenesmihályfa","504"
"20996","Kemenespálfa","422"
"20084","Kemenesszentmárton","203"
"12478","Kemenesszentpéter","654"
"24484","Kemenessömjén","588"
"22716","Kemestaródfa","231"
"06789","Kemse","54"
"06071","Keménfa","80"
"17145","Kenderes","4736"
"07418","Kengyel","3911"
"09937","Kenyeri","821"
"02574","Kenéz","272"
"05458","Kenézlő","1230"
"26596","Kercaszomor","198"
"14386","Kercseliget","359"
"28079","Kerecsend","2272"
"31529","Kerecseny","266"
"22530","Kerekegyháza","6327"
"34379","Kerekharaszt","726"
"04598","Kereki","560"
"34166","Kerepes","9977"
"17066","Keresztéte","70"
"29489","Kerkabarabás","272"
"15112","Kerkafalva","113"
"22080","Kerkakutas","131"
"09575","Kerkaszentkirály","240"
"32647","Kerkateskánd","166"
"19761","Kerkáskápolna","97"
"25654","Kerta","599"
"12618","Kertészsziget","374"
"10995","Kerékteleki","656"
"31413","Keszeg","651"
"29249","Kesznyéten","1934"
"18421","Keszthely","21047"
"29577","Kesztölc","2663"
"17640","Keszőhidegkút","204"
"03832","Keszü","1301"
"31574","Kevermes","1998"
"32267","Kilimán","247"
"14748","Kimle","2193"
"02343","Kincsesbánya","1541"
"32090","Királd","855"
"20552","Királyegyháza","922"
"13666","Királyhegyes","652"
"05421","Királyszentistván","468"
"12636","Kisapostag","1414"
"07931","Kisapáti","370"
"19424","Kisar","1062"
"19053","Kisasszond","178"
"18908","Kisasszonyfa","160"
"02413","Kisbabot","202"
"22886","Kisbajcs","838"
"24387","Kisbajom","411"
"29072","Kisberzseny","82"
"30827","Kisberény","204"
"05722","Kisbeszterce","75"
"07816","Kisbodak","349"
"21379","Kisbucsa","478"
"22868","Kisbudmér","122"
"27243","Kisbágyon","447"
"24493","Kisbárapáti","430"
"26295","Kisbárkány","194"
"17330","Kisbér","5323"
"16249","Kiscsehi","171"
"17349","Kiscsécs","204"
"23700","Kiscsősz","118"
"33905","Kisdobsza","236"
"18838","Kisdombegyház","452"
"17710","Kisdorog","725"
"11183","Kisdér","128"
"33206","Kisecset","170"
"33695","Kisfalud","743"
"22460","Kisfüzes","138"
"04826","Kisgyalán","184"
"22840","Kisgyőr","1666"
"09812","Kisgörbő","180"
"06831","Kishajmás","204"
"27021","Kisharsány","557"
"33400","Kishartyán","583"
"16975","Kisherend","176"
"28875","Kishuta","272"
"08509","Kishódos","94"
"20923","Kisigmánd","504"
"12849","Kisjakabfalva","124"
"19910","Kiskassa","260"
"03762","Kiskinizs","348"
"13781","Kiskorpád","902"
"20297","Kiskunfélegyháza","30305"
"32434","Kiskunhalas","28752"
"10816","Kiskunlacháza","9015"
"24396","Kiskunmajsa","11767"
"20312","Kiskutas","176"
"09344","Kiskőrös","14269"
"18281","Kisköre","2721"
"21616","Kislippó","274"
"28990","Kisláng","2410"
"28477","Kisléta","1841"
"30173","Kislőd","1208"
"15477","Kismarja","1219"
"33738","Kismaros","2063"
"06512","Kismányok","343"
"16036","Kisnamény","295"
"33215","Kisnyárád","189"
"12502","Kisnána","987"
"05227","Kisnémedi","723"
"29850","Kisoroszi","958"
"29300","Kispalád","539"
"04288","Kispirit","88"
"16081","Kispáli","273"
"11448","Kisrozvágy","125"
"11147","Kisrákos","206"
"32726","Kisrécse","186"
"14702","Kissikátor","326"
"05953","Kissomlyó","230"
"09751","Kisszekeres","544"
"08651","Kisszentmárton","274"
"13055","Kissziget","162"
"28158","Kisszállás","2434"
"27766","Kisszékely","307"
"23001","Kisszőlős","144"
"12353","Kistamási","141"
"03151","Kistapolca","200"
"34157","Kistarcsa","11703"
"31024","Kistelek","7100"
"12399","Kistokaj","2109"
"20941","Kistolmács","168"
"03869","Kistormás","324"
"10746","Kistótfalu","317"
"02501","Kisunyom","417"
"12672","Kisvarsány","980"
"09548","Kisvaszar","335"
"31185","Kisvejke","412"
"09265","Kisvárda","16669"
"16364","Kisvásárhely","53"
"26666","Kiszombor","3840"
"15486","Kiszsidány","98"
"25919","Kisújszállás","11500"
"08253","Klárafalva","490"
"02510","Kocs","2594"
"22433","Kocsola","1230"
"07445","Kocsord","2782"
"32771","Kocsér","1869"
"17455","Kokad","586"
"30182","Kolontár","746"
"10612","Komjáti","263"
"26408","Komló","25299"
"22336","Komlódtótfalu","122"
"09858","Komlósd","186"
"16559","Komlóska","245"
"27146","Komoró","1269"
"23995","Kompolt","2135"
"02167","Komádi","5269"
"05449","Komárom","19733"
"13028","Kondorfa","538"
"10287","Kondoros","5227"
"32498","Kondó","607"
"25964","Konyár","2027"
"21184","Koppányszántó","308"
"22956","Korlát","283"
"24633","Koroncó","2007"
"27687","Kosd","2556"
"24226","Kovácshida","270"
"14517","Kovácsszénája","55"
"28547","Kovácsvágás","628"
"13082","Kozmadombja","56"
"13842","Kozárd","158"
"06336","Kozármisleny","6061"
"19576","Krasznokvajda","441"
"34209","Kulcs","2669"
"05856","Kunadacs","1554"
"06044","Kunbaja","1500"
"07728","Kunbaracs","641"
"05254","Kuncsorba","595"
"29027","Kunfehértó","2032"
"22567","Kunhegyes","7582"
"23171","Kunmadaras","5424"
"31918","Kunpeszér","638"
"28130","Kunszentmiklós","8628"
"32504","Kunszentmárton","8496"
"31626","Kunsziget","1230"
"31893","Kunszállás","1645"
"16045","Kunágota","2595"
"26541","Kup","462"
"18722","Kupa","150"
"20507","Kurd","1232"
"11819","Kurityán","1657"
"19479","Kustánszeg","509"
"28857","Kutas","1488"
"19451","Kutasó","111"
"32993","Kács","512"
"06415","Kákics","222"
"32179","Kál","3585"
"29957","Káld","1041"
"08642","Kálló","1442"
"31404","Kállósemjén","3630"
"06105","Kálmáncsa","624"
"27225","Kálmánháza","1988"
"16683","Káloz","2385"
"21500","Kálócfa","147"
"04640","Kám","426"
"02671","Kántorjánosi","2155"
"25742","Kány","59"
"05272","Kánya","404"
"04473","Kányavár","112"
"07764","Kánó","171"
"15307","Kápolna","1605"
"21926","Kápolnásnyék","3552"
"14270","Káptalanfa","834"
"05634","Káptalantóti","419"
"05351","Kára","54"
"34351","Károlyháza","655"
"05999","Kárász","321"
"17464","Kásád","306"
"19132","Kátoly","295"
"27827","Káva","632"
"32063","Kávás","249"
"13374","Kázsmárk","972"
"28431","Kék","1916"
"14359","Kékcse","1521"
"15264","Kéked","184"
"16805","Kékesd","176"
"26037","Kékkút","89"
"18166","Kéleshalom","428"
"10542","Kémes","481"
"32869","Kérsemjén","289"
"11846","Kétbodony","479"
"03461","Kétegyháza","4057"
"11174","Kéthely","2326"
"19813","Kétpó","697"
"03106","Kétsoprony","1447"
"19345","Kétvölgy","115"
"21731","Kéty","683"
"08572","Kétújfalu","668"
"31361","Kóka","4455"
"11262","Kóny","2631"
"06895","Kópháza","2053"
"08110","Kórós","235"
"24679","Kóspallag","797"
"23728","Kótaj","4536"
"13745","Kőkút","636"
"15510","Kőröshegy","1611"
"32975","Kőröstetétlen","860"
"16832","Kőszeg","12077"
"05740","Kőszegdoroszló","246"
"26046","Kőszegpaty","205"
"20109","Kőszegszerdahely","493"
"30650","Kőszárhegy","1621"
"11235","Kőtelek","1583"
"15538","Kővágószőlős","1279"
"06992","Kővágótöttös","322"
"23454","Kővágóörs","808"
"25247","Köblény","234"
"04190","Köcsk","288"
"03540","Kökény","604"
"16665","Kölcse","1261"
"10463","Kölesd","1516"
"17899","Kölked","1071"
"14535","Kömlő","1769"
"07630","Kömlőd","1232"
"13806","Kömpöc","710"
"23612","Kömörő","512"
"13532","Körmend","11799"
"30553","Környe","4436"
"26602","Köröm","1375"
"11615","Körösladány","4651"
"10764","Körösnagyharsány","546"
"31130","Körösszakál","820"
"08943","Körösszegapáti","878"
"12900","Köröstarcsa","2502"
"30164","Körösújfalu","550"
"18148","Kötcse","503"
"06804","Kötegyán","1340"
"09955","Kövegy","375"
"25858","Köveskál","367"
"14410","Kübekháza","1535"
"32221","Külsősárd","77"
"16142","Külsővat","760"
"04066","Küngös","508"
"16258","Lad","555"
"05786","Ladánybene","1685"
"07506","Lajoskomárom","2131"
"17677","Lajosmizse","11149"
"15857","Lak","607"
"33792","Lakhegy","484"
"06202","Lakitelek","4421"
"11040","Lakócsa","563"
"06479","Lapáncsa","195"
"21290","Laskod","969"
"03434","Lasztonya","119"
"11660","Legyesbénye","1527"
"30395","Legénd","467"
"27483","Lendvadedes","33"
"11475","Lendvajakabfa","33"
"24411","Lengyel","531"
"26675","Lengyeltóti","3262"
"12575","Lenti","7992"
"07269","Lepsény","3069"
"17570","Lesencefalu","301"
"21962","Lesenceistvánd","964"
"17871","Lesencetomaj","1109"
"12122","Letenye","4119"
"22682","Letkés","1141"
"30979","Levelek","2892"
"19239","Levél","1798"
"30809","Leányfalu","3637"
"25487","Leányvár","1716"
"32355","Libickozma","56"
"03054","Lickóvadamos","198"
"17604","Liget","422"
"28200","Ligetfalva","48"
"22974","Lippó","446"
"10038","Liptód","208"
"16221","Lipót","659"
"10889","Lispeszentadorján","310"
"25025","Liszó","414"
"28219","Litka","49"
"04871","Litke","841"
"04552","Litér","2037"
"31389","Lothárd","248"
"05564","Lovas","432"
"19114","Lovasberény","2663"
"24624","Lovászhetény","279"
"28167","Lovászi","1205"
"05087","Lovászpatona","1132"
"20190","Lucfalva","603"
"15796","Ludas","809"
"02778","Ludányhalászi","1591"
"14021","Lukácsháza","1047"
"10010","Lulla","210"
"15255","Lábatlan","5018"
"28291","Lábod","1995"
"20844","Lácacséke","255"
"26231","Ládbesenyő","270"
"33330","Lánycsók","2509"
"14605","Lápafő","152"
"14863","Látrány","1343"
"04376","Lázi","560"
"33668","Lébény","3179"
"03531","Léh","480"
"07038","Lénárddaróc","295"
"05768","Létavértes","7058"
"29081","Lócs","130"
"18856","Lókút","507"
"26091","Lónya","661"
"09140","Lórév","320"
"21209","Lőkösháza","1791"
"30401","Lőrinci","5969"
"31194","Lövő","1428"
"07995","Lövőpetri","443"
"18865","Lúzsok","269"
"23357","Madaras","2961"
"29337","Madocsa","1877"
"26444","Maglóca","94"
"10922","Maglód","11767"
"29984","Magosliget","251"
"16629","Magy","971"
"27678","Magyaralmás","1526"
"10427","Magyaratád","843"
"27906","Magyarbánhegyes","2406"
"25177","Magyarbóly","985"
"05962","Magyarcsanád","1509"
"11536","Magyardombegyház","220"
"29753","Magyaregregy","731"
"25371","Magyaregres","662"
"08916","Magyarföld","38"
"26374","Magyargencs","494"
"26967","Magyargéc","858"
"05430","Magyarhertelend","635"
"03683","Magyarhomorog","828"
"13912","Magyarkeresztúr","433"
"06017","Magyarkeszi","1224"
"03221","Magyarlak","732"
"23542","Magyarlukafa","78"
"05412","Magyarmecske","313"
"27289","Magyarnádalja","216"
"32407","Magyarnándor","1137"
"20437","Magyarpolány","1110"
"27067","Magyarsarlós","297"
"17288","Magyarszecsőd","428"
"02909","Magyarszentmiklós","270"
"13064","Magyarszerdahely","507"
"25423","Magyarszombatfa","264"
"22600","Magyarszék","1095"
"04385","Magyartelek","223"
"10755","Majosháza","1570"
"27863","Majs","953"
"19600","Makkoshotyka","868"
"27696","Maklár","2406"
"04394","Makád","1232"
"07357","Makó","23727"
"03610","Malomsok","523"
"29294","Marcalgergelyi","395"
"18500","Marcali","11571"
"22220","Marcaltő","766"
"16540","Markaz","1761"
"06770","Markotabödöge","445"
"16443","Markóc","57"
"10515","Maroslele","2036"
"02626","Martfű","6521"
"02228","Martonfa","205"
"04659","Martonvásár","5740"
"02024","Martonyi","392"
"29920","Maráza","177"
"02103","Maróc","85"
"15219","Marócsa","92"
"15051","Matty","342"
"13444","Mecseknádasd","1513"
"11402","Mecsekpölöske","420"
"27359","Mecsér","589"
"20765","Medgyesbodzás","1073"
"30128","Medgyesegyháza","3711"
"30562","Medina","821"
"25760","Meggyeskovácsi","709"
"21768","Megyaszó","2760"
"30872","Megyehíd","330"
"04987","Megyer","13"
"30492","Mekényes","263"
"27137","Mencshely","255"
"03692","Mende","4224"
"07737","Merenye","273"
"23630","Mernye","1433"
"14809","Mersevát","567"
"31875","Mesterháza","145"
"15723","Mesteri","236"
"30234","Mesterszállás","698"
"11758","Meszes","153"
"32832","Meszlen","214"
"16106","Mesztegnyő","1393"
"19628","Mezőberény","11121"
"30854","Mezőcsokonya","1251"
"13833","Mezőcsát","5993"
"03470","Meződ","123"
"17552","Mezőfalva","4699"
"04206","Mezőgyán","1066"
"11873","Mezőhegyes","5134"
"26286","Mezőhék","326"
"11323","Mezőkeresztes","3891"
"05689","Mezőkomárom","924"
"30322","Mezőkovácsháza","6085"
"19433","Mezőkövesd","16607"
"32656","Mezőladány","990"
"23560","Mezőlak","1040"
"18379","Mezőnagymihály","1021"
"11749","Mezőnyárád","1548"
"31033","Mezőpeterd","505"
"18847","Mezősas","595"
"25089","Mezőszemere","1233"
"06576","Mezőszentgyörgy","1309"
"29036","Mezőszilas","2042"
"31662","Mezőtárkány","1600"
"04260","Mezőtúr","17620"
"03443","Mezőzombor","2434"
"12812","Mezőörs","1019"
"27526","Miháld","851"
"02130","Mihályfa","384"
"13222","Mihálygerge","569"
"04668","Mihályháza","737"
"21980","Mihályi","1058"
"20905","Mike","641"
"24466","Mikebuda","697"
"22141","Mikekarácsonyfa","269"
"24217","Mikepércs","4388"
"33376","Miklósi","232"
"30599","Mikosszéplak","321"
"31282","Mikófalva","731"
"24253","Mikóháza","572"
"02662","Milejszeg","364"
"31750","Milota","816"
"21555","Mindszent","6772"
"16285","Mindszentgodisa","874"
"04534","Mindszentkálla","289"
"04756","Misefa","298"
"30632","Miske","1683"
"30456","Miskolc","168075"
"02811","Miszla","271"
"26930","Mocsa","2146"
"17783","Mogyoród","6264"
"28255","Mogyorósbánya","888"
"10968","Mogyoróska","70"
"25715","Moha","553"
"27915","Mohora","928"
"23959","Mohács","18884"
"03294","Molnaszecsőd","433"
"21014","Molnári","697"
"29522","Molvány","188"
"09016","Monaj","235"
"07825","Monok","1583"
"10551","Monor","18465"
"34397","Monorierdő","3582"
"24040","Monostorapáti","1090"
"25894","Monostorpályi","2124"
"22512","Monoszló","129"
"16027","Monyoród","184"
"31343","Mosdós","1007"
"04783","Mosonmagyaróvár","32493"
"33677","Mosonszentmiklós","2270"
"28149","Mosonszolnok","1651"
"34412","Mosonudvar","489"
"29540","Mozsgó","1023"
"13620","Mucsfa","406"
"07029","Mucsi","453"
"02158","Muhi","536"
"25210","Murakeresztúr","1766"
"07968","Murarátka","256"
"33987","Muraszemenye","652"
"18917","Murga","52"
"11989","Murony","1268"
"03902","Mád","2130"
"06813","Mágocs","2414"
"27395","Mályi","4126"
"14915","Mályinka","474"
"02088","Mánd","270"
"17826","Mándok","4226"
"33923","Mánfa","865"
"23490","Mány","2359"
"09450","Márfa","215"
"22637","Máriahalom","667"
"12283","Máriakálnok","1712"
"14483","Máriakéménd","604"
"04570","Márianosztra","909"
"19655","Máriapócs","2069"
"14641","Márkháza","229"
"32212","Márkó","1166"
"20659","Márok","434"
"31981","Márokföld","49"
"33224","Márokpapi","451"
"25733","Mártély","1349"
"19965","Mátraballa","729"
"14872","Mátraderecske","1886"
"20075","Mátramindszent","812"
"19372","Mátranovák","1724"
"24332","Mátraszele","1024"
"29045","Mátraszentimre","465"
"04330","Mátraszőlős","1610"
"33525","Mátraterenye","1771"
"30100","Mátraverebély","2068"
"20668","Mátyus","296"
"16948","Mátyásdomb","733"
"18874","Mátészalka","17086"
"27809","Mátételke","518"
"33756","Máza","1237"
"23931","Méhkerék","2071"
"29799","Méhtelek","666"
"16018","Mélykút","5196"
"25618","Méra","1754"
"20385","Mérges","74"
"07463","Mérk","2094"
"31565","Mónosbél","440"
"18485","Mór","14247"
"04349","Mórahalom","6090"
"34096","Móricgát","483"
"02556","Mórichida","815"
"20701","Mórágy","720"
"33349","Mőcsény","347"
"21546","Múcsony","3165"
"27599","Nadap","536"
"23551","Nagyacsád","646"
"27979","Nagyalásony","479"
"04710","Nagyar","692"
"17941","Nagyatád","10887"
"02361","Nagybajcs","909"
"21652","Nagybajom","3465"
"12760","Nagybakónak","397"
"25955","Nagybaracska","2230"
"29188","Nagybarca","1097"
"21449","Nagyberki","1442"
"29063","Nagyberény","1367"
"03984","Nagybudmér","207"
"26028","Nagybánhegyes","1144"
"16391","Nagybárkány","647"
"14775","Nagybörzsöny","782"
"02495","Nagycenk","1920"
"20598","Nagycsepely","375"
"22743","Nagycserkesz","1754"
"18111","Nagycsány","155"
"05582","Nagycsécs","802"
"21485","Nagydobos","2134"
"33899","Nagydobsza","676"
"18388","Nagydorog","2673"
"10001","Nagydém","358"
"06488","Nagyecsed","6120"
"23180","Nagyesztergár","1224"
"26879","Nagyfüged","1923"
"09283","Nagygeresd","257"
"08262","Nagygyimót","526"
"05218","Nagygörbő","185"
"12858","Nagyhajmás","345"
"27155","Nagyhalász","5586"
"02653","Nagyharsány","1538"
"09478","Nagyhegyes","2768"
"15468","Nagyhuta","98"
"26976","Nagyhódos","111"
"22372","Nagyigmánd","2988"
"21689","Nagyiván","1166"
"04242","Nagykamarás","1404"
"30933","Nagykanizsa","49850"
"20589","Nagykapornak","903"
"07001","Nagykarácsony","1369"
"08907","Nagykereki","1185"
"34281","Nagykeresztúr","265"
"26505","Nagykinizs","339"
"32805","Nagykorpád","590"
"09991","Nagykovácsi","6628"
"10940","Nagykozár","1904"
"22178","Nagykutas","457"
"24785","Nagykálló","9996"
"13435","Nagykáta","12584"
"27182","Nagykónyi","1111"
"19716","Nagykőrös","24691"
"24943","Nagykökényes","586"
"32920","Nagykölked","162"
"15574","Nagykörű","1632"
"12779","Nagylak","484"
"04455","Nagylengyel","501"
"21102","Nagylóc","1573"
"32364","Nagylók","1079"
"32939","Nagylózs","1017"
"31732","Nagymaros","4751"
"15060","Nagymizdó","123"
"17233","Nagymágocs","3108"
"14030","Nagymányok","2276"
"14650","Nagynyárád","709"
"23986","Nagyoroszi","2116"
"19877","Nagypall","428"
"27164","Nagypeterd","632"
"21403","Nagypirit","266"
"28468","Nagypáli","458"
"16513","Nagyrada","474"
"33181","Nagyrozvágy","612"
"06309","Nagyrábé","2013"
"29869","Nagyrákos","282"
"14979","Nagyrécse","1113"
"31486","Nagyréde","3111"
"06318","Nagyrév","738"
"26143","Nagysimonyi","984"
"25520","Nagyszakácsi","487"
"27988","Nagyszekeres","523"
"33543","Nagyszentjános","1803"
"13709","Nagyszokoly","866"
"06761","Nagyszékely","441"
"08244","Nagyszénás","5118"
"27076","Nagysáp","1535"
"23409","Nagytarcsa","3738"
"25201","Nagytevel","517"
"24837","Nagytilaj","124"
"27605","Nagytálya","865"
"28927","Nagytótfalu","398"
"29179","Nagytőke","443"
"33783","Nagyvarsány","1448"
"16452","Nagyvejke","145"
"23588","Nagyveleg","649"
"26134","Nagyvenyim","4070"
"28282","Nagyvisnyó","935"
"14191","Nagyváty","352"
"19196","Nagyvázsony","1780"
"20914","Nagyér","496"
"10418","Nagyút","681"
"02796","Nak","558"
"08420","Napkor","3785"
"02042","Narda","502"
"20163","Naszály","2345"
"28033","Nekézseny","744"
"06169","Nemesapáti","534"
"05245","Nemesbikk","986"
"27119","Nemesborzova","81"
"24509","Nemesbőd","629"
"32948","Nemesbük","676"
"23320","Nemescsó","304"
"07913","Nemesdéd","712"
"02787","Nemesgulács","959"
"05652","Nemesgörzsöny","693"
"05555","Nemeshany","415"
"07658","Nemeshetés","299"
"18236","Nemeske","260"
"03674","Nemeskeresztúr","258"
"25511","Nemeskisfalud","117"
"02839","Nemeskocs","368"
"24059","Nemeskolta","374"
"29328","Nemeskér","209"
"26240","Nemesládony","127"
"31556","Nemesmedves","25"
"32540","Nemesnádudvar","1836"
"32665","Nemesnép","123"
"19859","Nemespátró","329"
"09672","Nemesrempehollós","275"
"18023","Nemesrádó","316"
"21759","Nemesszalók","917"
"08059","Nemesszentandrás","289"
"25609","Nemessándorháza","259"
"17561","Nemesvid","703"
"28422","Nemesvita","351"
"02194","Nemesvámos","2519"
"27580","Nemti","746"
"33826","Neszmély","1341"
"10843","Nick","513"
"10959","Nikla","725"
"14757","Noszlop","1005"
"18810","Noszvaj","1825"
"03355","Nova","840"
"29276","Novaj","1406"
"27191","Novajidrány","1398"
"19752","Nyalka","452"
"15352","Nyergesújfalu","7510"
"03203","Nyim","289"
"24004","Nyirád","1925"
"04215","Nyomár","342"
"26329","Nyugotszenterzsébet","243"
"23038","Nyáregyháza","3918"
"23056","Nyárlőrinc","2285"
"20066","Nyársapát","1907"
"29009","Nyárád","898"
"12885","Nyékládháza","4991"
"04419","Nyésta","56"
"14003","Nyíracsád","3764"
"06187","Nyíradony","7836"
"28802","Nyírbogdány","2929"
"31158","Nyírbogát","3174"
"14845","Nyírbátor","12150"
"15802","Nyírbéltek","2742"
"07904","Nyírcsaholy","2119"
"25973","Nyírcsászári","1180"
"05041","Nyírderzs","591"
"17206","Nyíregyháza","117852"
"28440","Nyírgelse","1030"
"09238","Nyírgyulaj","1981"
"26435","Nyíri","421"
"14696","Nyíribrony","1107"
"31477","Nyírjákó","905"
"18290","Nyírkarász","2297"
"32452","Nyírkáta","1764"
"25928","Nyírkércs","807"
"11271","Nyírlugos","2722"
"11095","Nyírlövő","690"
"12274","Nyírmada","4787"
"23269","Nyírmeggyes","2563"
"26365","Nyírmihálydi","1995"
"32382","Nyírmártonfalva","2027"
"10807","Nyírparasznya","959"
"33145","Nyírpazony","3497"
"03878","Nyírpilis","817"
"28060","Nyírtass","1950"
"13550","Nyírtelek","6899"
"12098","Nyírtura","1850"
"09256","Nyírtét","1044"
"16522","Nyírvasvári","1895"
"32294","Nyírábrány","3707"
"22318","Nyőgér","310"
"12955","Nyúl","4263"
"19211","Nábrád","872"
"06716","Nádasd","1301"
"13903","Nádasdladány","1790"
"28103","Nádudvar","8813"
"15909","Nágocs","656"
"17367","Nárai","1276"
"24156","Négyes","242"
"10409","Németbánya","74"
"25414","Németfalu","192"
"15006","Németkér","1681"
"09797","Nézsa","1078"
"04358","Nógrád","1510"
"32300","Nógrádkövesd","655"
"29832","Nógrádmarcal","525"
"12131","Nógrádmegyer","1697"
"19497","Nógrádsipek","672"
"27340","Nógrádszakál","593"
"08387","Nógrádsáp","819"
"26523","Nóráp","200"
"29425","Nőtincs","1141"
"08341","Okorvölgy","88"
"20686","Okorág","164"
"19257","Okány","2556"
"18555","Olasz","633"
"19743","Olaszfa","423"
"26514","Olaszfalu","1105"
"31778","Olaszliszka","1660"
"11129","Olcsva","593"
"10834","Olcsvaapáti","295"
"21704","Old","344"
"25478","Oltárc","265"
"22558","Onga","4800"
"20835","Orbányosfa","147"
"24536","Orci","562"
"16823","Ordacsehi","788"
"16276","Ordas","413"
"17093","Orfalu","64"
"11730","Orfű","916"
"16939","Orgovány","3256"
"34069","Ormosbánya","1673"
"22497","Ormándlak","124"
"23065","Orosháza","29342"
"16595","Oroszi","137"
"30766","Oroszlány","18634"
"04482","Oroszló","319"
"25052","Orosztony","439"
"04950","Ortaháza","121"
"15121","Osli","878"
"32629","Ostffyasszonyfa","768"
"27216","Ostoros","2640"
"07667","Oszkó","650"
"02866","Oszlár","401"
"19770","Osztopán","803"
"18953","Ozmánbük","187"
"05661","Ozora","1574"
"31741","Pacsa","1793"
"24776","Padár","125"
"24271","Pakod","944"
"04862","Paks","19625"
"07153","Palkonya","283"
"10135","Palotabozsok","918"
"05883","Palotás","1586"
"17011","Paloznak","433"
"23764","Palé","104"
"12371","Pamlény","51"
"26392","Pamuk","251"
"23108","Pankasz","413"
"24305","Pannonhalma","3859"
"29559","Panyola","580"
"27748","Pap","1822"
"07348","Papkeszi","1583"
"32577","Papos","816"
"26745","Parasznya","1196"
"07436","Parád","1940"
"20215","Parádsasvár","419"
"31972","Paszab","1287"
"29656","Pat","219"
"07199","Patak","885"
"06141","Patalom","344"
"17792","Patapoklosi","328"
"12168","Patca","57"
"15592","Patosfa","259"
"33880","Patvarc","647"
"14988","Pecöl","795"
"16115","Pellérd","2198"
"18689","Penc","1528"
"32692","Penyige","748"
"17084","Penészlek","898"
"28185","Perbál","2234"
"24420","Pere","335"
"32683","Perecse","40"
"12867","Pereked","179"
"13684","Perenye","688"
"08882","Peresznye","959"
"23773","Pereszteg","1399"
"33419","Perkupa","825"
"19354","Perkáta","3960"
"04181","Perőcsény","310"
"32425","Peterd","203"
"05704","Pethőhenye","438"
"17224","Petneháza","1802"
"19178","Petrikeresztúr","372"
"30757","Petrivente","370"
"29762","Pettend","139"
"33686","Petőfibánya","2768"
"15431","Petőfiszállás","1464"
"22831","Petőháza","1063"
"11572","Petőmihályfa","212"
"11590","Piliny","588"
"09821","Pilis","11410"
"29601","Pilisborosjenő","3406"
"07144","Piliscsaba","8187"
"21874","Piliscsév","2353"
"34148","Pilisjászfalu","1542"
"14669","Pilismarót","2091"
"11396","Pilisszentiván","4355"
"18731","Pilisszentkereszt","2268"
"08457","Pilisszentlászló","1174"
"05290","Pilisszántó","2457"
"14340","Pilisvörösvár","13709"
"19585","Pincehely","2280"
"06248","Pinkamindszent","160"
"14687","Pinnye","325"
"03391","Piricse","1856"
"15398","Pirtó","959"
"23506","Piskó","241"
"06284","Pitvaros","1382"
"11837","Pocsaj","2579"
"17242","Pogány","1139"
"27553","Pogányszentpéter","498"
"23117","Polgár","7933"
"17525","Polgárdi","6967"
"13790","Polány","237"
"06372","Pomáz","17066"
"17215","Porcsalma","2568"
"20367","Pornóapáti","410"
"22196","Poroszló","2707"
"29896","Porpác","150"
"11828","Porrog","238"
"13930","Porrogszentkirály","315"
"28510","Porrogszentpál","92"
"23515","Porva","445"
"28361","Potony","196"
"27304","Potyond","103"
"21272","Prügy","2370"
"11420","Pula","195"
"16920","Pusztaapáti","27"
"17862","Pusztaberki","118"
"31370","Pusztacsalád","262"
"10311","Pusztacsó","155"
"13860","Pusztadobos","1329"
"27465","Pusztaederics","184"
"17048","Pusztafalu","200"
"05397","Pusztaföldvár","1724"
"19938","Pusztahencse","984"
"19026","Pusztakovácsi","835"
"06530","Pusztamagyaród","567"
"28972","Pusztamiske","398"
"15246","Pusztamonostor","1595"
"06354","Pusztamérges","1265"
"19594","Pusztaottlaka","356"
"15413","Pusztaradvány","257"
"29018","Pusztaszabolcs","6082"
"23311","Pusztaszemes","360"
"26639","Pusztaszentlászló","601"
"28592","Pusztaszer","1480"
"23083","Pusztavacs","1420"
"17774","Pusztavám","2438"
"15583","Pusztazámor","1205"
"27410","Putnok","6743"
"15893","Pácin","1389"
"07162","Pácsony","275"
"18670","Páhi","1186"
"29160","Páka","1089"
"25751","Pákozd","3176"
"09371","Pálfa","1568"
"14720","Pálfiszeg","160"
"12362","Pálháza","1023"
"19637","Páli","341"
"34041","Pálmajor","380"
"02705","Pálmonostora","1797"
"34324","Pálosvörösmart","673"
"22248","Pánd","2076"
"24730","Pányok","45"
"31945","Pápa","32473"
"19868","Pápadereske","271"
"11855","Pápakovácsi","531"
"21607","Pápasalamon","338"
"31255","Pápateszér","1163"
"14067","Pápoc","308"
"07010","Páprád","161"
"09618","Pári","664"
"23481","Pásztori","367"
"07409","Pásztó","9626"
"28848","Pátka","1668"
"12186","Pátroha","2881"
"15024","Páty","7090"
"23685","Pátyod","642"
"21786","Pázmánd","2030"
"12715","Pázmándfalu","968"
"04057","Pécel","15338"
"19415","Pécs","157721"
"21519","Pécsbagota","97"
"15389","Pécsdevecser","100"
"22451","Pécsely","533"
"21096","Pécsudvard","758"
"10825","Pécsvárad","4042"
"19567","Pély","1344"
"15547","Pénzesgyőr","344"
"15529","Pér","2321"
"29197","Péterhida","150"
"21847","Péteri","2208"
"12070","Pétervására","2511"
"34254","Pétfürdő","4763"
"22266","Pócsa","189"
"04905","Pócsmegyer","1928"
"11244","Pócspetri","1699"
"21050","Pókaszepetk","976"
"16850","Pórszombat","305"
"15671","Pósfa","270"
"09867","Pölöske","875"
"31112","Pölöskefő","397"
"33570","Pörböly","541"
"32513","Pördefölde","67"
"24660","Pötréte","262"
"12964","Püski","639"
"21388","Püspökhatvan","1514"
"10162","Püspökladány","14798"
"07278","Püspökmolnári","915"
"04303","Püspökszilágy","751"
"21193","Radostyán","597"
"06053","Ragály","651"
"26587","Rajka","2550"
"29717","Rakaca","727"
"16133","Rakacaszend","346"
"14739","Rakamaz","4688"
"14298","Ramocsa","45"
"31857","Ramocsaháza","1462"
"03948","Raposka","230"
"21801","Ravazd","1178"
"09609","Recsk","2680"
"25292","Regenye","137"
"08402","Regéc","95"
"15459","Regöly","1109"
"34315","Remeteszőlős","726"
"17118","Resznek","290"
"23898","Rezi","1179"
"19220","Ricse","1666"
"24138","Rigyác","426"
"25849","Rigács","187"
"28884","Rimóc","1774"
"05078","Rinyabesenyő","168"
"32674","Rinyakovácsi","144"
"26754","Rinyaszentkirály","387"
"20622","Rinyaújlak","297"
"20321","Rinyaújnép","46"
"24581","Rohod","1190"
"12195","Romhány","2235"
"24855","Romonya","469"
"17507","Románd","285"
"17428","Rozsály","745"
"23029","Rudabánya","2511"
"34120","Rudolftelep","711"
"10597","Rum","1232"
"03966","Ruzsa","2533"
"04792","Rábacsanak","476"
"33701","Rábacsécsény","597"
"26736","Rábagyarmat","793"
"03197","Rábahídvég","948"
"14793","Rábakecöl","668"
"25335","Rábapatona","2451"
"26073","Rábapaty","1730"
"24721","Rábapordány","999"
"20136","Rábasebes","88"
"15273","Rábaszentandrás","506"
"33710","Rábaszentmihály","491"
"17297","Rábaszentmiklós","133"
"15422","Rábatamási","995"
"17996","Rábatöttös","212"
"03753","Rábcakapi","171"
"09900","Rácalmás","4472"
"02015","Ráckeresztúr","3288"
"17260","Ráckeve","10016"
"02370","Rád","1898"
"11518","Rádfalva","197"
"07551","Rádóckölked","262"
"30863","Ráksi","453"
"34360","Rákóczibánya","789"
"14207","Rákóczifalva","5366"
"12423","Rákócziújfalu","1984"
"09061","Rápolt","131"
"31909","Rásonysápberencs","566"
"12469","Rátka","942"
"23861","Rátót","288"
"30012","Réde","1350"
"31592","Rédics","954"
"26310","Rém","1309"
"30881","Répcelak","2371"
"14438","Répceszemere","261"
"28626","Répceszentgyörgy","105"
"07746","Répcevis","341"
"31884","Répáshuta","469"
"33969","Rétalap","563"
"21573","Rétközberencs","1157"
"23825","Rétság","2945"
"05625","Révfülöp","1081"
"09317","Révleányvár","473"
"04516","Rózsafa","383"
"27650","Rózsaszentmárton","1990"
"11068","Röjtökmuzsaj","443"
"26806","Rönök","427"
"13161","Röszke","3252"
"10579","Sajtoskál","404"
"03504","Sajóbábony","2813"
"27331","Sajóecseg","1015"
"10171","Sajógalgóc","379"
"03081","Sajóhídvég","1035"
"03212","Sajóivánka","613"
"14313","Sajókaza","3464"
"26949","Sajókeresztúr","1505"
"21670","Sajókápolna","411"
"27173","Sajólád","3110"
"22479","Sajólászlófalva","426"
"15945","Sajómercse","220"
"11332","Sajónémeti","521"
"16638","Sajópetri","1543"
"18537","Sajópálfala","750"
"23782","Sajópüspöki","513"
"08970","Sajósenye","453"
"16054","Sajószentpéter","12084"
"30340","Sajószöged","2297"
"27757","Sajóvelezd","820"
"20738","Sajóvámos","2213"
"08129","Sajóörös","1337"
"30793","Salföld","65"
"25788","Salgótarján","37166"
"18883","Salköveskút","516"
"27720","Salomvár","595"
"15556","Sand","398"
"28565","Sarkad","10129"
"25168","Sarkadkeresztúr","1530"
"30021","Sarród","1166"
"07180","Sarud","1175"
"27368","Segesd","2516"
"28741","Sellye","2761"
"25380","Selyeb","496"
"23755","Semjén","445"
"30997","Semjénháza","616"
"20206","Seregélyes","4621"
"32531","Serényfalva","978"
"05519","Siklós","9732"
"23205","Siklósbodony","135"
"08800","Siklósnagyfalu","424"
"08606","Sikátor","293"
"23418","Sima","32"
"26763","Simaság","531"
"32780","Simonfa","363"
"20783","Simontornya","4086"
"08527","Sirok","1819"
"30748","Sitke","640"
"25645","Sióagárd","1268"
"17631","Siófok","24347"
"23092","Siójut","607"
"24208","Sobor","276"
"12627","Sokorópátka","1057"
"29115","Solt","6359"
"18218","Soltszentimre","1265"
"19983","Soltvadkert","7482"
"07384","Solymár","10151"
"04127","Som","680"
"23472","Somberek","1407"
"05157","Somlójenő","319"
"25779","Somlószőlős","641"
"14243","Somlóvecse","107"
"26569","Somlóvásárhely","1081"
"13824","Somodor","405"
"30580","Somogyacsa","155"
"23807","Somogyapáti","509"
"05500","Somogyaracs","212"
"31219","Somogyaszaló","715"
"32470","Somogybabod","489"
"25043","Somogybükkösd","94"
"11484","Somogycsicsó","153"
"15981","Somogydöröcske","129"
"20057","Somogyegres","198"
"18078","Somogyfajsz","552"
"20330","Somogygeszti","478"
"25070","Somogyhatvan","353"
"29142","Somogyhárságy","439"
"28963","Somogyjád","1569"
"12876","Somogymeggyes","504"
"27535","Somogysimonyi","94"
"06600","Somogyszentpál","748"
"03416","Somogyszil","719"
"18546","Somogyszob","1567"
"15626","Somogysámson","742"
"28723","Somogysárd","1250"
"32601","Somogytúr","445"
"04853","Somogyudvarhely","1066"
"21281","Somogyviszló","254"
"21856","Somogyvámos","782"
"19442","Somogyvár","1909"
"04835","Somogyzsitfa","653"
"01526","Somoskőújfalu","2186"
"23889","Sonkád","678"
"33321","Soponya","2040"
"08518","Sopron","60755"
"29090","Sopronhorpács","809"
"25724","Sopronkövesd","1182"
"02617","Sopronnémeti","258"
"07171","Sorkifalud","670"
"27960","Sorkikápolna","277"
"06567","Sormás","883"
"29692","Sorokpolány","855"
"14951","Sukoró","1237"
"02547","Sumony","418"
"02404","Surd","635"
"28705","Szabadbattyán","4557"
"13259","Szabadegyháza","2176"
"18740","Szabadhídvég","838"
"14854","Szabadi","287"
"31325","Szabadkígyós","2768"
"15079","Szabadszentkirály","804"
"25061","Szabadszállás","6013"
"19169","Szabolcs","396"
"22053","Szabolcsbáka","1155"
"03586","Szabolcsveresmart","1675"
"28574","Szabás","662"
"21458","Szada","4519"
"08475","Szajk","859"
"16063","Szajla","637"
"05874","Szajol","3795"
"15316","Szakadát","248"
"10083","Szakcs","886"
"19530","Szakmár","1139"
"16504","Szaknyér","57"
"04774","Szakoly","2750"
"11369","Szakony","424"
"20932","Szakonyfalu","352"
"32258","Szakácsi","137"
"03805","Szakáld","531"
"04464","Szakály","1505"
"10223","Szalafő","208"
"20543","Szalapa","199"
"31015","Szalaszend","1108"
"09007","Szalatnak","343"
"19947","Szalkszentmárton","2879"
"19798","Szalmatercs","490"
"16753","Szalonna","1027"
"22257","Szalánta","1216"
"18005","Szamosangyalos","494"
"22017","Szamosbecs","355"
"16300","Szamoskér","409"
"13046","Szamosszeg","1807"
"10436","Szamossályi","660"
"30085","Szamostatárfalva","318"
"31273","Szamosújlak","399"
"13754","Szanda","605"
"11794","Szank","2408"
"08536","Szany","2064"
"34032","Szaporca","246"
"23870","Szarvas","17181"
"10199","Szarvasgede","420"
"17729","Szarvaskend","216"
"03382","Szarvaskő","382"
"31237","Szatmárcseke","1377"
"02440","Szatta","66"
"12007","Szatymaz","4666"
"31060","Szava","331"
"03018","Szebény","407"
"05607","Szederkény","1819"
"16814","Szedres","2308"
"33367","Szeged","170285"
"18607","Szegerdő","221"
"21883","Szeghalom","9142"
"33817","Szegi","311"
"31510","Szegilong","200"
"32489","Szegvár","4540"
"22761","Szekszárd","33720"
"33172","Szeleste","691"
"20428","Szelevény","1073"
"16984","Szellő","142"
"09308","Szemely","483"
"27997","Szemenye","304"
"09830","Szemere","373"
"04507","Szendehely","1552"
"08077","Szendrő","4119"
"27456","Szendrőlád","2022"
"15103","Szenna","760"
"11509","Szenta","380"
"03568","Szentantalfa","417"
"25706","Szentbalázs","321"
"32841","Szentborbás","136"
"07092","Szentbékkálla","185"
"13231","Szentdomonkos","450"
"32009","Szentdénes","320"
"09043","Szente","339"
"33613","Szentegát","420"
"15440","Szentendre","25963"
"14456","Szentes","28780"
"31583","Szentgotthárd","8839"
"23126","Szentgyörgyvár","313"
"18652","Szentgyörgyvölgy","425"
"07922","Szentgál","2703"
"12973","Szentgáloskér","526"
"10065","Szentimrefalva","208"
"22169","Szentistván","2385"
"08484","Szentistvánbaksa","270"
"11545","Szentjakabfa","109"
"09803","Szentkatalin","117"
"21120","Szentkirály","1930"
"16267","Szentkirályszabadja","2037"
"03124","Szentkozmadombja","76"
"08615","Szentliszló","299"
"16355","Szentlászló","835"
"15866","Szentlőrinc","6922"
"07542","Szentlőrinckáta","1919"
"14225","Szentmargitfalva","88"
"28653","Szentmártonkáta","4937"
"21254","Szentpéterfa","957"
"30067","Szentpéterfölde","129"
"19099","Szentpéterszeg","1104"
"11165","Szentpéterúr","1048"
"30146","Szenyér","297"
"07700","Szepetnek","1640"
"03887","Szerecseny","797"
"28820","Szeremle","1432"
"30739","Szerencs","9173"
"33437","Szerep","1523"
"27793","Szergény","329"
"26259","Szigetbecse","1358"
"07870","Szigetcsép","2320"
"13277","Szigethalom","17221"
"26213","Szigetmonostor","2248"
"28954","Szigetszentmiklós","34331"
"15185","Szigetszentmárton","2140"
"26578","Szigetvár","10868"
"22114","Szigetújfalu","2039"
"24891","Szigliget","817"
"11013","Szihalom","1961"
"26161","Szijártóháza","26"
"21351","Szikszó","5395"
"19266","Szil","1202"
"07959","Szilaspogony","318"
"03364","Szilsárkány","670"
"17853","Szilvágy","205"
"24712","Szilvás","169"
"32461","Szilvásszentmárton","198"
"05643","Szilvásvárad","1675"
"19831","Szilágy","302"
"20871","Szin","741"
"11493","Szinpetri","216"
"09496","Szirmabesenyő","4419"
"21634","Szirák","1115"
"24916","Szob","2944"
"06947","Szokolya","1792"
"27854","Szolnok","74544"
"03009","Szombathely","79590"
"18892","Szomolya","1572"
"21421","Szomor","1138"
"22619","Szomód","2112"
"34388","Szorgalmatos","1125"
"05193","Szorosad","90"
"28194","Szuha","625"
"03160","Szuhafő","146"
"11110","Szuhakálló","971"
"24606","Szuhogy","1223"
"15404","Szulimán","217"
"10986","Szulok","599"
"19044","Szurdokpüspöki","1891"
"27508","Szágy","139"
"33516","Szákszend","1503"
"14711","Szálka","597"
"34236","Szántód","378"
"16489","Szápár","498"
"19549","Szár","1651"
"18263","Szárazd","250"
"15714","Szárföld","913"
"33491","Szárliget","2273"
"07366","Szárász","27"
"05777","Szászberek","983"
"08147","Szászfa","128"
"33765","Szászvár","2350"
"15325","Szátok","622"
"17312","Százhalombatta","18615"
"11554","Szécsisziget","228"
"23047","Szécsénke","212"
"06628","Szécsény","5765"
"33011","Szécsényfelfalu","451"
"31088","Székely","1065"
"16771","Székelyszabar","600"
"14827","Székesfehérvár","101943"
"12265","Székkutas","2362"
"15194","Szólád","552"
"16692","Szőc","442"
"19521","Szőce","360"
"12690","Sződ","3316"
"28866","Sződliget","4595"
"22211","Szőke","128"
"05810","Szőkedencs","272"
"07694","Szőkéd","362"
"07889","Szőlősardó","103"
"11101","Szőlősgyörök","1214"
"16179","Szögliget","607"
"05528","Szörény","67"
"13523","Szúcs","416"
"09982","Szűcsi","1578"
"11217","Szűr","274"
"18786","Szügy","1382"
"14942","Ságvár","1833"
"12520","Ságújfalu","1066"
"04729","Sály","2147"
"18050","Sámod","218"
"24572","Sámsonháza","272"
"31705","Sándorfalva","7983"
"31121","Sántos","521"
"26116","Sáp","927"
"20516","Sárazsadány","250"
"23694","Sárbogárd","12549"
"02723","Sáregres","777"
"09788","Sárfimizdó","101"
"08101","Sárhida","803"
"26903","Sárisáp","2757"
"31802","Sárkeresztes","1488"
"25344","Sárkeresztúr","2584"
"02699","Sárkeszi","599"
"14906","Sármellék","1863"
"20862","Sárok","112"
"25140","Sárosd","3326"
"27474","Sárospatak","12920"
"04747","Sárpilis","690"
"23940","Sárrétudvari","2792"
"20817","Sárszentlőrinc","941"
"11776","Sárszentmihály","3038"
"31538","Sárszentágota","1361"
"21306","Sárvár","14717"
"25007","Sáránd","2287"
"32160","Sásd","3329"
"13772","Sáska","261"
"02875","Sáta","1048"
"05120","Sátoraljaújhely","15619"
"33482","Sátorhely","656"
"02051","Sávoly","500"
"10278","Sé","1392"
"14085","Sénye","40"
"04491","Sényő","1418"
"32133","Sérsekszőlős","152"
"03601","Sóly","474"
"14881","Sóshartyán","955"
"06840","Sóskút","3214"
"13268","Sóstófalva","254"
"31714","Sósvertike","180"
"22983","Sótony","614"
"19080","Söjtör","1536"
"24800","Söpte","820"
"02893","Söréd","502"
"31990","Súr","1230"
"21245","Sükösd","3721"
"21713","Sülysáp","8244"
"25593","Sümeg","6226"
"21397","Sümegcsehi","620"
"05388","Sümegprága","618"
"08688","Süttő","2002"
"08590","Tab","4315"
"14465","Tabajd","963"
"25432","Tabdi","1095"
"17039","Tagyon","93"
"31963","Tahitótfalu","5567"
"30720","Taksony","6352"
"03708","Taktabáj","579"
"18245","Taktaharkány","3678"
"28787","Taktakenéz","1246"
"03133","Taktaszada","1882"
"13125","Takácsi","818"
"17321","Taliándörögd","704"
"24563","Tamási","8449"
"16212","Tanakajd","768"
"29434","Tapolca","15839"
"24615","Tapsony","699"
"32896","Tar","1919"
"16735","Tarany","1191"
"21740","Tarcal","2885"
"08165","Tard","1286"
"14784","Tardona","1018"
"30225","Tardos","1573"
"33075","Tarhos","944"
"18935","Tarján","2655"
"33914","Tarjánpuszta","382"
"32966","Tarnabod","687"
"13240","Tarnalelesz","1642"
"23348","Tarnaméra","1607"
"16160","Tarnaszentmiklós","834"
"09052","Tarnaszentmária","230"
"17163","Tarnazsadány","1207"
"14128","Tarnaörs","1800"
"04312","Tarpa","2096"
"15635","Tarrós","124"
"20525","Tass","2944"
"04932","Taszár","1995"
"20127","Tata","25026"
"18157","Tatabánya","70164"
"14544","Tataháza","1240"
"27386","Tatárszentgyörgy","1950"
"24703","Tekenye","480"
"32072","Teklafalu","327"
"29568","Telekes","497"
"12681","Telekgerendás","1574"
"23968","Teleki","210"
"08280","Telki","3715"
"13763","Telkibánya","585"
"06901","Tengelic","2290"
"13675","Tengeri","52"
"32416","Tengőd","492"
"14076","Tenk","1159"
"33358","Terem","631"
"24174","Tereske","723"
"28635","Teresztenye","21"
"12229","Terpes","198"
"04844","Terény","425"
"08828","Teskánd","1133"
"19691","Tetétlen","1376"
"31459","Tevel","1504"
"30447","Tibolddaróc","1433"
"08952","Tiborszállás","944"
"30465","Tihany","1353"
"17844","Tikos","127"
"27951","Tilaj","199"
"24475","Timár","1336"
"07108","Tinnye","1623"
"09423","Tiszaadony","599"
"24545","Tiszaalpár","4938"
"17817","Tiszabecs","1031"
"03850","Tiszabercel","1903"
"20172","Tiszabezdéd","1905"
"22770","Tiszabura","2889"
"02291","Tiszabábolna","374"
"10773","Tiszabő","1874"
"15644","Tiszacsege","4497"
"29133","Tiszacsermely","570"
"24448","Tiszacsécse","226"
"06433","Tiszadada","2240"
"16230","Tiszaderzs","1071"
"12593","Tiszadob","2965"
"03717","Tiszadorogma","365"
"09113","Tiszaeszlár","2612"
"13815","Tiszaföldvár","11323"
"29726","Tiszafüred","10805"
"30304","Tiszagyenda","965"
"30845","Tiszagyulaháza","728"
"28699","Tiszaigar","809"
"20446","Tiszainoka","413"
"29346","Tiszajenő","1632"
"08554","Tiszakanyár","1625"
"13976","Tiszakarád","2304"
"04446","Tiszakerecseny","860"
"13888","Tiszakeszi","2441"
"30623","Tiszakécske","11294"
"08794","Tiszakóród","702"
"30386","Tiszakürt","1372"
"19381","Tiszaladány","672"
"23524","Tiszalök","5567"
"28398","Tiszalúc","5330"
"11907","Tiszamogyorós","646"
"27252","Tiszanagyfalu","1807"
"07083","Tiszanána","2317"
"08633","Tiszapalkonya","1426"
"03373","Tiszapüspöki","2052"
"20181","Tiszaroff","1564"
"10205","Tiszarád","621"
"21494","Tiszasas","997"
"13541","Tiszaszalka","814"
"22789","Tiszaszentimre","2121"
"27544","Tiszaszentmárton","1121"
"16966","Tiszasziget","1759"
"07852","Tiszaszőlős","1934"
"17695","Tiszasüly","1376"
"30298","Tiszatardos","226"
"30377","Tiszatarján","1423"
"14447","Tiszatelek","1383"
"09627","Tiszatenyő","1628"
"14094","Tiszaug","882"
"10977","Tiszavalk","304"
"07597","Tiszavasvári","12619"
"33747","Tiszavid","483"
"31866","Tiszavárkony","1535"
"15787","Tiszaörs","1238"
"28352","Tiszaújváros","16510"
"27261","Tisztaberek","608"
"20260","Tivadar","190"
"18306","Tokaj","4886"
"14155","Tokod","4215"
"34023","Tokodaltáró","3070"
"09229","Tokorcs","350"
"28051","Tolcsva","1681"
"25876","Told","312"
"06381","Tolmács","691"
"25274","Tolna","11439"
"11031","Tolnanémedi","1079"
"09557","Tomajmonostora","721"
"14890","Tomor","217"
"28486","Tompa","4581"
"12335","Tompaládony","309"
"21005","Tordas","2090"
"04969","Tormafölde","337"
"22424","Tormás","292"
"34087","Tormásliget","312"
"16902","Tornabarakony","15"
"10375","Tornakápolna","23"
"18801","Tornanádaska","640"
"27836","Tornaszentandrás","197"
"30517","Tornaszentjakab","200"
"32638","Tornyiszentmiklós","622"
"29054","Tornyosnémeti","469"
"16957","Tornyospálca","2496"
"29878","Torony","1947"
"10153","Torvaj","250"
"04914","Trizs","211"
"13213","Tunyogmatolcs","2409"
"09593","Tura","7834"
"09919","Tuzsér","3286"
"31398","Tyukod","1863"
"08332","Táborfalva","3295"
"29267","Tác","1639"
"29911","Tákos","362"
"12210","Tállya","1926"
"14261","Táp","712"
"15015","Tápióbicske","3465"
"17303","Tápiógyörgye","3602"
"31796","Tápiószecső","6383"
"14146","Tápiószele","6153"
"14571","Tápiószentmárton","5382"
"02769","Tápiószőlős","2947"
"09405","Tápióság","2628"
"32045","Táplánszentkereszt","2621"
"21971","Tápszentmiklós","963"
"20987","Tárkány","1568"
"04154","Tárnok","9174"
"04172","Tárnokréti","198"
"13693","Táska","397"
"08758","Tát","5343"
"24998","Tázlár","1719"
"23214","Téglás","6606"
"27702","Tékes","239"
"11457","Tényő","1531"
"31042","Tépe","1116"
"20570","Tés","813"
"19248","Tésa","81"
"32744","Tésenfa","174"
"20978","Téseny","329"
"19035","Tét","3933"
"21467","Tóalmás","3369"
"09964","Tófalu","553"
"05342","Tófej","671"
"04048","Tófű","117"
"07490","Tószeg","4429"
"16434","Tótkomlós","5866"
"26994","Tótszentgyörgy","170"
"16382","Tótszentmárton","840"
"25113","Tótszerdahely","1160"
"02714","Tótvázsony","1211"
"16407","Tótújfalu","195"
"24527","Tök","1401"
"29823","Tököl","10352"
"16674","Töltéstava","2227"
"05166","Tömörd","271"
"25900","Tömörkény","1785"
"22008","Törtel","4284"
"06859","Törökbálint","13542"
"20093","Törökkoppány","478"
"27313","Törökszentmiklós","21185"
"04136","Töttös","580"
"13602","Túristvándi","680"
"28228","Túrkeve","8878"
"18582","Túrony","255"
"08998","Túrricse","601"
"12609","Türje","1700"
"04631","Tüskevár","571"
"04437","Udvar","147"
"21360","Udvari","404"
"24767","Ugod","1401"
"23010","Ukk","313"
"20792","Und","319"
"18351","Uppony","309"
"28981","Ura","616"
"21537","Uraiújfalu","881"
"31820","Uszka","392"
"16294","Uszód","1049"
"34218","Uzsa","324"
"07223","Vadna","611"
"06239","Vadosfa","80"
"18591","Vaja","3566"
"30003","Vajdácska","1310"
"28538","Vajszló","1703"
"02459","Vajta","1038"
"26268","Valkonya","63"
"17598","Valkó","2534"
"30915","Vanyarc","1259"
"21777","Vanyola","552"
"21810","Varbó","1085"
"10144","Varbóc","50"
"28529","Varga","96"
"06637","Varsád","364"
"29498","Varsány","1640"
"09274","Varászló","147"
"22585","Vasad","1850"
"02884","Vasalja","311"
"20394","Vasasszonyfa","368"
"10302","Vasboldogasszony","601"
"15334","Vasegerszeg","386"
"20349","Vashosszúfalu","356"
"30702","Vaskeresztes","381"
"28343","Vaskút","3479"
"27100","Vasmegyer","1667"
"14322","Vaspör","388"
"25982","Vassurány","791"
"11633","Vasszentmihály","335"
"12104","Vasszilvágy","417"
"29373","Vasszécseny","1423"
"04695","Vasvár","4222"
"26648","Vaszar","1473"
"30076","Vatta","873"
"26815","Vecsés","20879"
"18519","Vejti","161"
"11138","Vekerd","115"
"26000","Velem","333"
"18430","Velemér","89"
"25016","Velence","5241"
"22071","Velény","161"
"03498","Vereb","797"
"18342","Veresegyház","16539"
"24147","Verpelét","3824"
"22488","Verseg","1340"
"19725","Versend","943"
"33729","Verőce","3680"
"04589","Veszkény","917"
"11767","Veszprém","64339"
"21430","Veszprémfajsz","261"
"19336","Veszprémgalsa","262"
"22691","Veszprémvarsány","993"
"21157","Vezseny","719"
"09502","Vid","124"
"09733","Vigántpetend","193"
"28024","Villány","2453"
"05209","Villánykövesd","275"
"11581","Vilmány","1379"
"15705","Vilonya","605"
"12982","Vilyvitány","230"
"32142","Vindornyafok","129"
"06549","Vindornyalak","86"
"11800","Vindornyaszőlős","372"
"24651","Vinár","236"
"28413","Visegrád","1859"
"19017","Visnye","218"
"31246","Visonta","1123"
"05096","Viss","645"
"06877","Visz","190"
"03957","Viszló","68"
"03513","Visznek","1085"
"07940","Viszák","242"
"25797","Vitnyéd","1384"
"10320","Vizslás","1311"
"21087","Vizsoly","818"
"05892","Vokány","826"
"12919","Vonyarcvashegy","2244"
"24934","Vác","34513"
"05917","Vácduka","1382"
"30331","Vácegres","884"
"19886","Váchartyán","1848"
"05698","Váckisújfalu","466"
"17668","Vácrátót","1849"
"09104","Vácszentlászló","2105"
"02237","Vág","478"
"29151","Vágáshuta","86"
"05829","Vál","2518"
"06938","Vállaj","881"
"10685","Vállus","130"
"27322","Vámosatya","548"
"31051","Vámoscsalád","322"
"14580","Vámosgyörk","1934"
"10737","Vámosmikola","1590"
"08934","Vámosoroszi","499"
"08989","Vámospércs","5292"
"12405","Vámosszabadi","1598"
"15149","Vámosújfalu","859"
"16762","Váncsod","1200"
"08138","Várad","117"
"32850","Váralja","876"
"27012","Váraszó","506"
"18412","Várbalog","395"
"26781","Várda","497"
"09414","Várdomb","1177"
"02529","Várfölde","196"
"17251","Várgesztes","557"
"26204","Várkesző","183"
"29124","Várong","148"
"10667","Városföld","2164"
"07065","Városlőd","1387"
"11439","Várpalota","20482"
"14182","Várvölgy","1060"
"16656","Vászoly","209"
"24952","Vásárosbéc","181"
"02264","Vásárosdombó","1118"
"17880","Vásárosfalu","163"
"09195","Vásárosmiske","350"
"18324","Vásárosnamény","8707"
"02246","Vát","664"
"07074","Vázsnok","120"
"05759","Vécs","595"
"31228","Végegyháza","1365"
"24402","Vékény","146"
"20279","Véménd","1484"
"05014","Vének","186"
"26426","Vép","3349"
"02750","Vértesacsa","1717"
"13897","Vértesboglár","874"
"32586","Vérteskethely","581"
"15282","Vértessomló","1335"
"31264","Vértesszőlős","3178"
"29629","Vértestolna","547"
"08183","Vése","763"
"29531","Vésztő","6829"
"29780","Vízvár","534"
"08369","Vöckönd","79"
"16319","Völcsej","389"
"03142","Vönöck","713"
"09645","Vörs","449"
"11703","Vöröstó","102"
"21661","Zabar","537"
"14836","Zagyvarékas","3596"
"21722","Zagyvaszántó","1933"
"24590","Zajk","208"
"06275","Zajta","445"
"11466","Zala","254"
"17400","Zalaapáti","1670"
"07579","Zalabaksa","634"
"28495","Zalaboldogfa","375"
"24280","Zalabér","728"
"04002","Zalacsány","1028"
"02486","Zalacséb","532"
"32054","Zalaegerszeg","61970"
"29993","Zalaerdőd","266"
"27207","Zalagyömörő","428"
"12654","Zalahaláp","1262"
"23834","Zalaháshágy","381"
"16896","Zalaigrice","127"
"12496","Zalaistvánd","371"
"11785","Zalakaros","1791"
"10348","Zalakomár","3039"
"18768","Zalaköveskút","28"
"30313","Zalalövő","3004"
"33039","Zalameggyes","65"
"31617","Zalamerenye","159"
"22947","Zalaszabar","558"
"23597","Zalaszegvár","160"
"18564","Zalaszentbalázs","815"
"32522","Zalaszentgrót","6618"
"33136","Zalaszentgyörgy","419"
"02608","Zalaszentiván","1042"
"18096","Zalaszentjakab","349"
"07232","Zalaszentlászló","840"
"13301","Zalaszentlőrinc","305"
"18449","Zalaszentmihály","982"
"13091","Zalaszentmárton","71"
"27562","Zalaszombatfa","47"
"33288","Zalaszántó","1003"
"02972","Zalasárszeg","123"
"29683","Zalatárnok","723"
"13736","Zalavár","936"
"17057","Zalavég","384"
"09380","Zalaújlak","103"
"15617","Zalkod","215"
"25122","Zaláta","288"
"06008","Zamárdi","2382"
"23445","Zaránk","416"
"03726","Zebecke","58"
"14960","Zebegény","1172"
"31608","Zemplénagárd","747"
"15848","Zengővárkony","415"
"34263","Zichyújfalu","944"
"33057","Zics","360"
"19275","Ziliz","358"
"27614","Zimány","597"
"26499","Zirc","7082"
"21625","Zomba","2065"
"06257","Zsadány","1644"
"15158","Zsana","773"
"28750","Zsarolyán","389"
"16869","Zsebeháza","123"
"26842","Zselickisfalud","247"
"24110","Zselickislak","318"
"17491","Zselicszentpál","394"
"12292","Zsennye","102"
"04622","Zsira","744"
"17765","Zsombó","3532"
"11022","Zsujta","166"
"13037","Zsurk","704"
"04817","Zsáka","1588"
"22035","Zsámbok","2395"
"25034","Zsámbék","5542"
"21643","Zsédeny","190"
"19105","Zubogy","575"
"17747","Zádor","320"
"03063","Zádorfalva","480"
"16203","Záhony","4071"
"14623","Zákány","970"
"34403","Zákányfalu","637"
"05546","Zákányszék","2758"
"30243","Zámoly","2250"
"20826","Zánka","915"
"14304","Závod","292"
"12201","Zók","277"
"04561","Ábrahámhegy","443"
"04428","Ács","7005"
"18139","Ácsteszér","672"
"06080","Ádánd","2252"
"25812","Ág","180"
"17686","Ágasegyháza","1936"
"04880","Ágfalva","2164"
"27641","Álmosd","1550"
"10108","Áporka","1171"
"03823","Ároktő","1073"
"19062","Árpádhalom","489"
"32249","Árpás","242"
"03319","Ártánd","510"
"10339","Ásotthalom","4023"
"26921","Ásványráró","1871"
"23852","Ászár","1983"
"28583","Áta","177"
"06503","Átány","1341"
"16708","Écs","1825"
"13356","Égerszög","45"
"30988","Érd","65043"
"10852","Érpatak","1728"
"11864","Érsekcsanád","2846"
"33589","Érsekhalma","656"
"21582","Érsekvadkert","3526"
"08448","Értény","748"
"34306","Óbarok","786"
"23913","Óbudavár","58"
"12645","Óbánya","130"
"04075","Ócsa","9073"
"03780","Ócsárd","406"
"19646","Ófalu","314"
"22284","Ófehértó","2582"
"07755","Óföldeák","461"
"27775","Óhíd","565"
"22044","Ólmod","100"
"22628","Ónod","2597"
"12797","Ópusztaszer","2295"
"27924","Ópályi","2836"
"14492","Ózd","34395"
"18661","Ózdfalu","180"
"08961","Őcsény","2380"
"09025","Őr","1445"
"08545","Őrbottyán","7372"
"03249","Őrhalom","1040"
"13453","Őrimagyarósd","219"
"10630","Őriszentpéter","1160"
"14012","Őrtilos","519"
"19318","Ősagárd","320"
"24068","Ősi","2054"
"28112","Öcs","204"
"28006","Öcsöd","3234"
"31769","Ököritófülpös","1774"
"12043","Ölbő","729"
"26550","Ömböly","415"
"08679","Öregcsertő","789"
"07056","Öreglak","1599"
"05281","Örkény","4893"
"29382","Örményes","1089"
"27438","Örménykút","377"
"10092","Örvényes","155"
"25450","Öskü","2283"
"02635","Öttevény","2911"
"31079","Öttömös","722"
"32115","Ötvöskónyi","860"
"17482","Újbarok","434"
"12487","Újcsanálos","885"
"33659","Újdombrád","680"
"26611","Újfehértó","13116"
"06293","Újhartyán","2759"
"20561","Újireg","286"
"23393","Újiráz","512"
"10117","Újkenéz","1026"
"19673","Újkér","965"
"02352","Újkígyós","5284"
"19682","Újlengyel","1746"
"20419","Újléta","1037"
"27623","Újlőrincfalva","248"
"06062","Újpetre","1083"
"31839","Újrónafő","798"
"08785","Újsolt","155"
"24350","Újszalonta","99"
"14924","Újszentiván","1703"
"32568","Újszentmargita","1398"
"17808","Újszilvás","2704"
"15291","Újszász","6424"
"33604","Újtelek","389"
"11925","Újtikos","921"
"32197","Újudvar","913"
"07205","Újvárfalva","312"
"27632","Úny","716"
"17622","Úrhida","2359"
"28644","Úri","2673"
"20853","Úrkút","2061"
"21412","Üllés","3148"
"12894","Üllő","11350"
"11934","Üröm","7241"
